# TimeShape 2026b.29: archive entry, IANA zone, polygon bounds (lon/lat)
Africa/Abidjan	Africa/Abidjan	-8.60146713256836	4.162120819091797	-2.492943048477173	10.74019718170166
Africa/Accra	Africa/Accra	-3.2607860565185547	4.539253234863281	1.2732939720153809	11.174856185913086
Africa/Addis_Ababa	Africa/Addis_Ababa	32.99758529663086	3.3974480628967285	47.98237991333008	14.89433765411377
Africa/Algiers	Africa/Algiers	-8.66890811920166	18.96814727783203	11.997342109680176	37.296207427978516
Africa/Asmara	Africa/Asmara	36.43336486816406	12.354822158813477	43.3001708984375	18.07099151611328
Africa/Bamako	Africa/Bamako	-12.240283012390137	10.147810935974121	4.267383098602295	25.001083374023438
Africa/Bangui	Africa/Bangui	14.414846420288086	2.222929000854492	27.466550827026367	11.001388549804688
Africa/Banjul	Africa/Banjul	-17.02237892150879	13.055832862854004	-13.797778129577637	13.825313568115234
Africa/Bissau	Africa/Bissau	-16.89750099182129	10.651421546936035	-13.634878158569336	12.686238288879395
Africa/Blantyre	Africa/Blantyre	34.5722770690918	-12.084831237792969	34.66373062133789	-11.974045753479004
Africa/Blantyre	Africa/Blantyre	34.674827575683594	-12.136499404907227	34.79444122314453	-11.997775077819824
Africa/Blantyre	Africa/Blantyre	32.67185974121094	-17.129602432250977	35.91854476928711	-9.368301391601562
Africa/Brazzaville	Africa/Brazzaville	11.01740837097168	-5.1490888595581055	18.643611907958984	3.7130560874938965
Africa/Bujumbura	Africa/Bujumbura	29.000715255737305	-4.469315052032471	30.84984588623047	-2.3096799850463867
Africa/Cairo	Africa/Cairo	34.6196174621582	26.100679397583008	35.08617401123047	26.51479721069336
Africa/Cairo	Africa/Cairo	24.649911880493164	21.725000381469727	37.115352630615234	31.833084106445312
Africa/Casablanca	Africa/Casablanca	-13.428202629089355	27.627256393432617	-0.998429000377655	35.996543884277344
Africa/Ceuta	Africa/Ceuta	-5.4219489097595215	35.91218948364258	-5.416047096252441	35.916568756103516
Africa/Ceuta	Africa/Ceuta	-4.3191070556640625	35.16945266723633	-4.294733047485352	35.19882583618164
Africa/Ceuta	Africa/Ceuta	-5.400001049041748	35.82576370239258	-5.019143104553223	36.0505256652832
Africa/Ceuta	Africa/Ceuta	-2.9702019691467285	35.265628814697266	-2.605139970779419	35.50188446044922
Africa/Ceuta	Africa/Ceuta	-2.524554967880249	35.15438461303711	-2.3837220668792725	35.186668395996094
Africa/Ceuta	Africa/Ceuta	-3.9051010608673096	35.209468841552734	-3.8458759784698486	35.26533508300781
Africa/Conakry	Africa/Conakry	-15.5680513381958	7.190605163574219	-7.6379218101501465	12.675629615783691
Africa/Dakar	Africa/Dakar	-17.749868392944336	12.240265846252441	-11.34595012664795	16.691970825195312
Africa/Dar_es_Salaam	Africa/Dar_es_Salaam	29.326976776123047	-11.76125431060791	40.65840530395508	-0.9854810237884521
Africa/Djibouti	Africa/Djibouti	41.77131271362305	10.914955139160156	43.65790557861328	12.79230785369873
Africa/Douala	Africa/Douala	8.382218360900879	1.6517950296401978	16.19110107421875	13.083333015441895
Africa/El_Aaiun	Africa/El_Aaiun	-17.31902313232422	20.667251586914062	-8.666389465332031	27.670425415039062
Africa/Freetown	Africa/Freetown	-13.500338554382324	6.755000114440918	-10.271682739257812	9.99997329711914
Africa/Gaborone	Africa/Gaborone	19.99864959716797	-26.907007217407227	29.373886108398438	-17.77813720703125
Africa/Harare	Africa/Harare	25.237300872802734	-22.424110412597656	33.06835174560547	-15.609703063964844
Africa/Johannesburg	Africa/Johannesburg	37.30058288574219	-47.1788330078125	38.289894104003906	-46.410377502441406
Africa/Johannesburg	Africa/Johannesburg	16.333520889282227	-35.03376007080078	33.10235595703125	-22.125030517578125
Africa/Johannesburg	Africa/Johannesburg	-5.5	-86.0	0.0	-68.0
Africa/Juba	Africa/Juba	23.447778701782227	3.4889800548553467	35.948997497558594	12.23638916015625
Africa/Kampala	Africa/Kampala	29.57343292236328	-1.4823180437088013	35.000308990478516	4.234076976776123
Africa/Khartoum	Africa/Khartoum	21.814390182495117	8.685277938842773	39.05762481689453	22.005672454833984
Africa/Kigali	Africa/Kigali	28.861696243286133	-2.83976411819458	30.89907455444336	-1.0474079847335815
Africa/Kinshasa	Africa/Kinshasa	12.039073944091797	-8.130475044250488	24.412389755249023	5.150627136230469
Africa/Lagos	Africa/Lagos	2.6769320964813232	4.069096088409424	14.678013801574707	13.885644912719727
Africa/Libreville	Africa/Libreville	8.500225067138672	-4.110796928405762	14.529020309448242	2.3192899227142334
Africa/Lome	Africa/Lome	-0.14397500455379486	5.926547050476074	1.8087259531021118	11.139510154724121
Africa/Luanda	Africa/Luanda	11.847683906555176	-5.889632225036621	13.11072063446045	-4.345800876617432
Africa/Luanda	Africa/Luanda	11.460979461669922	-18.03938102722168	24.087636947631836	-5.826426029205322
Africa/Lubumbashi	Africa/Lubumbashi	19.67346954345703	-13.45903491973877	31.305675506591797	5.392003059387207
Africa/Lusaka	Africa/Lusaka	21.999055862426758	-18.076213836669922	33.70885467529297	-8.274933815002441
Africa/Malabo	Africa/Malabo	5.417294025421143	-1.6732200384140015	5.85764217376709	-1.2020000219345093
Africa/Malabo	Africa/Malabo	8.214425086975098	3.009999990463257	9.140387535095215	3.989000082015991
Africa/Malabo	Africa/Malabo	9.102169036865234	0.7534469962120056	11.411361694335938	2.396876096725464
Africa/Maputo	Africa/Maputo	30.21216583251953	-26.920942306518555	41.05459213256836	-10.325215339660645
Africa/Maseru	Africa/Maseru	27.011375427246094	-30.678035736083984	29.45570945739746	-28.57056427001953
Africa/Mbabane	Africa/Mbabane	30.790800094604492	-27.317520141601562	32.13498306274414	-25.71830177307129
Africa/Mogadishu	Africa/Mogadishu	40.98918151855469	-1.8031970262527466	51.61777114868164	12.188912391662598
Africa/Monrovia	Africa/Monrovia	-11.608076095581055	4.155591011047363	-7.36732292175293	8.551924705505371
Africa/Nairobi	Africa/Nairobi	33.909690856933594	-4.899519920349121	41.9067497253418	4.619999885559082
Africa/Ndjamena	Africa/Ndjamena	13.473480224609375	7.441070079803467	24.0	23.450796127319336
Africa/Niamey	Africa/Niamey	0.16896499693393707	11.693607330322266	15.99666690826416	23.517169952392578
Africa/Nouakchott	Africa/Nouakchott	-17.238096237182617	14.720991134643555	-4.833333969116211	27.31494140625
Africa/Ouagadougou	Africa/Ouagadougou	-5.513206958770752	9.41047191619873	2.4089720249176025	15.084004402160645
Africa/Porto-Novo	Africa/Porto-Novo	0.7766669988632202	6.039869785308838	3.8451449871063232	12.409202575683594
Africa/Sao_Tome	Africa/Sao_Tome	6.260642051696777	-0.21351400017738342	7.670477867126465	1.92576003074646
Africa/Tripoli	Africa/Tripoli	9.391080856323242	19.499990463256836	25.377063751220703	33.354591369628906
Africa/Tunis	Africa/Tunis	7.5219807624816895	30.229061126708984	11.880112648010254	37.76120376586914
Africa/Windhoek	Africa/Windhoek	11.528038024902344	-28.969449996948242	25.261728286743164	-16.963510513305664
America/Adak	America/Adak	-171.64366149902344	52.244407653808594	-169.34869384765625	53.28314208984375
America/Adak	America/Adak	-179.46852111816406	51.00700378417969	-171.97181701660156	52.620628356933594
America/Adak	America/Adak	179.16676330566406	51.68623733520508	180.0	52.2443962097168
America/Adak	America/Adak	176.8705291748047	51.146854400634766	179.80810546875	52.335182189941406
America/Adak	America/Adak	175.51429748535156	52.13252258300781	176.30538940429688	52.588958740234375
America/Adak	America/Adak	172.0983428955078	52.14729690551758	174.85153198242188	53.21097946166992
America/Adak	America/Adak	-180.0	51.794090270996094	-179.88369750976562	52.13848876953125
America/Anchorage	America/Anchorage	-146.80162048339844	59.184383392333984	-145.85153198242188	59.737152099609375
America/Anchorage	America/Anchorage	-156.1534423828125	55.55086898803711	-155.19505310058594	56.114410400390625
America/Anchorage	America/Anchorage	-157.76400756835938	55.57606887817383	-157.05081176757812	55.97715759277344
America/Anchorage	America/Anchorage	-162.0	54.42000198364258	-140.7523193359375	71.58895111083984
America/Anguilla	America/Anguilla	-63.639198303222656	18.06154441833496	-62.71254348754883	18.79511833190918
America/Antigua	America/Antigua	-62.554832458496094	16.75562858581543	-61.4476432800293	17.94729995727539
America/Aruba	America/Aruba	-70.26958465576172	12.257829666137695	-69.66122436523438	12.822999954223633
America/Araguaina	America/Araguaina	-50.74126434326172	-13.467000007629395	-45.69926452636719	-5.169453144073486
America/Argentina/Buenos_Aires	America/Argentina/Buenos_Aires	-58.25906753540039	-34.191001892089844	-58.24288558959961	-34.174217224121094
America/Argentina/Buenos_Aires	America/Argentina/Buenos_Aires	-63.39274215698242	-41.23177719116211	-55.70502853393555	-33.26161193847656
America/Argentina/Catamarca	America/Argentina/Catamarca	-69.09520721435547	-30.119558334350586	-64.78071594238281	-25.168567657470703
America/Argentina/Catamarca	America/Argentina/Catamarca	-72.18782043457031	-46.000022888183594	-63.31159210205078	-41.992027282714844
America/Argentina/Cordoba	America/Argentina/Cordoba	-65.77132415771484	-35.0153694152832	-53.637451171875	-22.47141456604004
America/Argentina/Cordoba	America/Argentina/Cordoba	-57.2392692565918	-27.46476173400879	-57.222232818603516	-27.45585060119629
America/Argentina/Cordoba	America/Argentina/Cordoba	-56.77853012084961	-27.587125778198242	-56.76549530029297	-27.58427619934082
America/Argentina/Cordoba	America/Argentina/Cordoba	-56.764835357666016	-27.594945907592773	-56.749114990234375	-27.59030532836914
America/Argentina/Cordoba	America/Argentina/Cordoba	-57.41475296020508	-27.415386199951172	-57.40791320800781	-27.413240432739258
America/Argentina/Cordoba	America/Argentina/Cordoba	-57.41050720214844	-27.418167114257812	-57.40517807006836	-27.415132522583008
America/Argentina/Cordoba	America/Argentina/Cordoba	-57.48783874511719	-27.439456939697266	-57.479801177978516	-27.43611717224121
America/Argentina/Cordoba	America/Argentina/Cordoba	-57.540771484375	-27.428571701049805	-57.5399055480957	-27.42806625366211
America/Argentina/Cordoba	America/Argentina/Cordoba	-57.548194885253906	-27.429332733154297	-57.5411491394043	-27.42618179321289
America/Argentina/Cordoba	America/Argentina/Cordoba	-57.55018615722656	-27.425689697265625	-57.545963287353516	-27.42386245727539
America/Argentina/Cordoba	America/Argentina/Cordoba	-57.5643424987793	-27.415685653686523	-57.556236267089844	-27.410537719726562
America/Argentina/Cordoba	America/Argentina/Cordoba	-57.61219787597656	-27.383708953857422	-57.60578918457031	-27.380985260009766
America/Argentina/Cordoba	America/Argentina/Cordoba	-57.78682327270508	-27.333152770996094	-57.76909637451172	-27.328054428100586
America/Argentina/Cordoba	America/Argentina/Cordoba	-57.8184814453125	-27.325336456298828	-57.78413009643555	-27.319984436035156
America/Argentina/Cordoba	America/Argentina/Cordoba	-58.100040435791016	-27.26667022705078	-58.085113525390625	-27.259798049926758
America/Argentina/Cordoba	America/Argentina/Cordoba	-57.552913665771484	-27.427541732788086	-57.539344787597656	-27.419313430786133
America/Argentina/Cordoba	America/Argentina/Cordoba	-56.866310119628906	-27.594703674316406	-56.85852813720703	-27.591068267822266
America/Argentina/Cordoba	America/Argentina/Cordoba	-56.86473083496094	-27.594730377197266	-56.85795593261719	-27.591468811035156
America/Argentina/Cordoba	America/Argentina/Cordoba	-56.921085357666016	-27.573745727539062	-56.89907455444336	-27.563079833984375
America/Argentina/Cordoba	America/Argentina/Cordoba	-56.82756805419922	-27.59465217590332	-56.82620620727539	-27.593427658081055
America/Argentina/Cordoba	America/Argentina/Cordoba	-56.71946334838867	-27.58553695678711	-56.717594146728516	-27.582094192504883
America/Argentina/Cordoba	America/Argentina/Cordoba	-56.95302963256836	-27.523775100708008	-56.95066833496094	-27.522367477416992
America/Argentina/Cordoba	America/Argentina/Cordoba	-56.77573013305664	-27.58856964111328	-56.77197265625	-27.58733367919922
America/Argentina/Cordoba	America/Argentina/Cordoba	-56.736717224121094	-27.558879852294922	-56.735435485839844	-27.557924270629883
America/Argentina/Cordoba	America/Argentina/Cordoba	-56.737483978271484	-27.560476303100586	-56.73624038696289	-27.558813095092773
America/Argentina/Cordoba	America/Argentina/Cordoba	-56.74184036254883	-27.562246322631836	-56.736854553222656	-27.55880355834961
America/Argentina/Cordoba	America/Argentina/Cordoba	-56.772926330566406	-27.503253936767578	-56.764102935791016	-27.498279571533203
America/Argentina/Cordoba	America/Argentina/Cordoba	-56.75811004638672	-27.572294235229492	-56.754642486572266	-27.56987953186035
America/Argentina/Cordoba	America/Argentina/Cordoba	-56.75447082519531	-27.570621490478516	-56.75386428833008	-27.570053100585938
America/Argentina/Cordoba	America/Argentina/Cordoba	-57.454803466796875	-27.431947708129883	-57.441776275634766	-27.427513122558594
America/Argentina/Cordoba	America/Argentina/Cordoba	-57.47294998168945	-27.438993453979492	-57.44818878173828	-27.432083129882812
America/Argentina/Cordoba	America/Argentina/Cordoba	-57.47891616821289	-27.43942642211914	-57.47649383544922	-27.438495635986328
America/Argentina/Cordoba	America/Argentina/Cordoba	-57.59292984008789	-27.43861198425293	-57.41148376464844	-27.383785247802734
America/Argentina/Cordoba	America/Argentina/Cordoba	-56.972476959228516	-27.443052291870117	-56.96415328979492	-27.439979553222656
America/Argentina/Cordoba	America/Argentina/Cordoba	-56.73615646362305	-27.54414939880371	-56.73561477661133	-27.542598724365234
America/Argentina/Cordoba	America/Argentina/Cordoba	-56.76808166503906	-27.570178985595703	-56.76104736328125	-27.566516876220703
America/Argentina/Cordoba	America/Argentina/Cordoba	-56.7756462097168	-27.57633399963379	-56.75617980957031	-27.56829833984375
America/Argentina/Cordoba	America/Argentina/Cordoba	-56.77256774902344	-27.57611846923828	-56.757293701171875	-27.571514129638672
America/Argentina/Cordoba	America/Argentina/Cordoba	-56.73360061645508	-27.59231185913086	-56.715972900390625	-27.579166412353516
America/Argentina/Cordoba	America/Argentina/Cordoba	-56.711822509765625	-27.581947326660156	-56.705631256103516	-27.5750789642334
America/Argentina/Cordoba	America/Argentina/Cordoba	-56.69386291503906	-27.574249267578125	-56.689918518066406	-27.569604873657227
America/Argentina/Cordoba	America/Argentina/Cordoba	-56.70487594604492	-27.563457489013672	-56.70095443725586	-27.552120208740234
America/Argentina/Cordoba	America/Argentina/Cordoba	-56.707088470458984	-27.580717086791992	-56.68593978881836	-27.545270919799805
America/Argentina/Cordoba	America/Argentina/Cordoba	-56.730167388916016	-27.534311294555664	-56.72910690307617	-27.533296585083008
America/Argentina/Cordoba	America/Argentina/Cordoba	-56.732173919677734	-27.54275894165039	-56.727901458740234	-27.533559799194336
America/Argentina/Cordoba	America/Argentina/Cordoba	-56.7327880859375	-27.533506393432617	-56.7253303527832	-27.51970672607422
America/Argentina/Cordoba	America/Argentina/Cordoba	-56.94678497314453	-27.54414939880371	-56.93389129638672	-27.532691955566406
America/Argentina/Cordoba	America/Argentina/Cordoba	-56.94472885131836	-27.557296752929688	-56.92936325073242	-27.535839080810547
America/Argentina/Cordoba	America/Argentina/Cordoba	-56.94624328613281	-27.53467559814453	-56.93788528442383	-27.530746459960938
America/Argentina/Cordoba	America/Argentina/Cordoba	-56.930973052978516	-27.53622055053711	-56.91572570800781	-27.530029296875
America/Argentina/Cordoba	America/Argentina/Cordoba	-56.919803619384766	-27.538433074951172	-56.90828323364258	-27.530946731567383
America/Argentina/Cordoba	America/Argentina/Cordoba	-56.93406295776367	-27.52913475036621	-56.927513122558594	-27.52686882019043
America/Argentina/Cordoba	America/Argentina/Cordoba	-56.957489013671875	-27.522781372070312	-56.94952392578125	-27.515657424926758
America/Argentina/Cordoba	America/Argentina/Cordoba	-56.94944763183594	-27.583335876464844	-56.87612533569336	-27.522743225097656
America/Argentina/Cordoba	America/Argentina/Cordoba	-56.94783020019531	-27.525501251220703	-56.94103240966797	-27.522716522216797
America/Argentina/Cordoba	America/Argentina/Cordoba	-56.9544792175293	-27.525157928466797	-56.9390754699707	-27.51539421081543
America/Argentina/Cordoba	America/Argentina/Cordoba	-58.36003494262695	-27.27422332763672	-58.35972213745117	-27.274070739746094
America/Argentina/Cordoba	America/Argentina/Cordoba	-56.8817253112793	-27.57375717163086	-56.88127517700195	-27.572975158691406
America/Argentina/Cordoba	America/Argentina/Cordoba	-58.37982940673828	-27.272197723388672	-58.37468338012695	-27.27104949951172
America/Argentina/Cordoba	America/Argentina/Cordoba	-58.37593078613281	-27.270570755004883	-58.37480926513672	-27.270191192626953
America/Argentina/Cordoba	America/Argentina/Cordoba	-56.87437438964844	-27.589406967163086	-56.86250305175781	-27.58212661743164
America/Argentina/Cordoba	America/Argentina/Cordoba	-56.78288650512695	-27.57229232788086	-56.78269577026367	-27.572139739990234
America/Argentina/Cordoba	America/Argentina/Cordoba	-56.78788375854492	-27.573755264282227	-56.78305435180664	-27.571935653686523
America/Argentina/Cordoba	America/Argentina/Cordoba	-58.46412658691406	-27.272907257080078	-58.45772933959961	-27.270647048950195
America/Argentina/Cordoba	America/Argentina/Cordoba	-58.35862731933594	-27.274240493774414	-58.34970474243164	-27.271913528442383
America/Argentina/Cordoba	America/Argentina/Cordoba	-58.3457145690918	-27.274866104125977	-58.332210540771484	-27.266267776489258
America/Argentina/Cordoba	America/Argentina/Cordoba	-58.33515548706055	-27.266324996948242	-58.324073791503906	-27.260726928710938
America/Argentina/Cordoba	America/Argentina/Cordoba	-58.335731506347656	-27.27365493774414	-58.303009033203125	-27.261592864990234
America/Argentina/Cordoba	America/Argentina/Cordoba	-58.312137603759766	-27.272371292114258	-58.291526794433594	-27.264938354492188
America/Argentina/Cordoba	America/Argentina/Cordoba	-58.20073318481445	-27.273359298706055	-58.184532165527344	-27.26813316345215
America/Argentina/Cordoba	America/Argentina/Cordoba	-56.7840576171875	-27.591922760009766	-56.69999694824219	-27.520469665527344
America/Argentina/Cordoba	America/Argentina/Cordoba	-56.90774917602539	-27.542217254638672	-56.90312576293945	-27.535661697387695
America/Argentina/Cordoba	America/Argentina/Cordoba	-56.9892578125	-27.458730697631836	-56.97039794921875	-27.44671058654785
America/Argentina/Cordoba	America/Argentina/Cordoba	-57.03179931640625	-27.595979690551758	-56.72590637207031	-27.422271728515625
America/Argentina/Cordoba	America/Argentina/Cordoba	-56.793609619140625	-27.572832107543945	-56.790313720703125	-27.571563720703125
America/Argentina/Cordoba	America/Argentina/Cordoba	-56.790531158447266	-27.571781158447266	-56.78718566894531	-27.570432662963867
America/Argentina/Cordoba	America/Argentina/Cordoba	-58.4528694152832	-27.267454147338867	-58.4493408203125	-27.26629066467285
America/Argentina/Cordoba	America/Argentina/Cordoba	-58.43112564086914	-27.280658721923828	-58.42036819458008	-27.26775550842285
America/Argentina/Cordoba	America/Argentina/Cordoba	-58.420597076416016	-27.282699584960938	-58.413108825683594	-27.28134536743164
America/Argentina/Cordoba	America/Argentina/Cordoba	-58.24407958984375	-27.262935638427734	-58.223995208740234	-27.253965377807617
America/Argentina/Cordoba	America/Argentina/Cordoba	-58.16986083984375	-27.274587631225586	-58.16413879394531	-27.26964569091797
America/Argentina/Cordoba	America/Argentina/Cordoba	-58.17259216308594	-27.27290916442871	-58.17122268676758	-27.27174186706543
America/Argentina/Cordoba	America/Argentina/Cordoba	-58.16846466064453	-27.262195587158203	-58.16151428222656	-27.258825302124023
America/Argentina/Cordoba	America/Argentina/Cordoba	-58.16667556762695	-27.265239715576172	-58.14002990722656	-27.256324768066406
America/Argentina/Cordoba	America/Argentina/Cordoba	-57.79808807373047	-27.328203201293945	-57.741519927978516	-27.320030212402344
America/Argentina/Cordoba	America/Argentina/Cordoba	-57.82005310058594	-27.328527450561523	-57.803009033203125	-27.324705123901367
America/Argentina/Cordoba	America/Argentina/Cordoba	-58.20742416381836	-27.264070510864258	-58.20515060424805	-27.263526916503906
America/Argentina/Cordoba	America/Argentina/Cordoba	-58.22460174560547	-27.271102905273438	-58.171573638916016	-27.25502586364746
America/Argentina/Cordoba	America/Argentina/Cordoba	-58.42095184326172	-27.2816162109375	-58.419986724853516	-27.281274795532227
America/Argentina/Cordoba	America/Argentina/Cordoba	-56.75880813598633	-27.50303840637207	-56.75765609741211	-27.502424240112305
America/Argentina/Cordoba	America/Argentina/Cordoba	-56.79319381713867	-27.482683181762695	-56.79246139526367	-27.48210334777832
America/Argentina/Cordoba	America/Argentina/Cordoba	-56.78866195678711	-27.48834800720215	-56.78608322143555	-27.48626136779785
America/Argentina/Cordoba	America/Argentina/Cordoba	-58.200496673583984	-27.278995513916016	-58.192039489746094	-27.27633285522461
America/Argentina/Cordoba	America/Argentina/Cordoba	-58.268009185791016	-27.261234283447266	-58.26260757446289	-27.25946044921875
America/Argentina/Cordoba	America/Argentina/Cordoba	-58.26333999633789	-27.26177978515625	-58.261356353759766	-27.260812759399414
America/Argentina/Cordoba	America/Argentina/Cordoba	-55.9512825012207	-27.340749740600586	-55.949607849121094	-27.33951759338379
America/Argentina/Jujuy	America/Argentina/Jujuy	-67.2129135131836	-24.613361358642578	-64.15067291259766	-21.78085708618164
America/Argentina/La_Rioja	America/Argentina/La_Rioja	-69.6349868774414	-31.99823570251465	-65.42308807373047	-27.709766387939453
America/Argentina/Mendoza	America/Argentina/Mendoza	-70.58358764648438	-37.57512664794922	-66.47785949707031	-31.999387741088867
America/Argentina/Rio_Gallegos	America/Argentina/Rio_Gallegos	-73.56053924560547	-52.6034049987793	-65.30066680908203	-45.99972915649414
America/Argentina/Salta	America/Argentina/Salta	-71.96660614013672	-41.99208450317383	-62.603939056396484	-35.00225830078125
America/Argentina/Salta	America/Argentina/Salta	-68.5678939819336	-26.41670036315918	-62.339229583740234	-21.998767852783203
America/Argentina/San_Juan	America/Argentina/San_Juan	-70.5696792602539	-32.626625061035156	-66.66127014160156	-28.388757705688477
America/Argentina/San_Luis	America/Argentina/San_Luis	-67.4760971069336	-36.00062942504883	-64.88275146484375	-31.833799362182617
America/Argentina/Tucuman	America/Argentina/Tucuman	-66.17803955078125	-28.01390266418457	-64.481689453125	-26.058279037475586
America/Argentina/Ushuaia	America/Argentina/Ushuaia	-68.60966491699219	-55.192569732666016	-63.44925308227539	-52.521263122558594
America/Argentina/Ushuaia	America/Argentina/Ushuaia	-67.5	-86.0	-35.0	-61.599998474121094
America/Argentina/Ushuaia	America/Argentina/Ushuaia	-47.5	-61.5	-43.5	-60.0
America/Asuncion	America/Asuncion	-57.91316223144531	-27.293251037597656	-57.86411666870117	-27.272920608520508
America/Asuncion	America/Asuncion	-57.922325134277344	-27.27466583251953	-57.913795471191406	-27.269603729248047
America/Asuncion	America/Asuncion	-57.952232360839844	-27.281545639038086	-57.924102783203125	-27.27277374267578
America/Asuncion	America/Asuncion	-57.918174743652344	-27.29313087463379	-57.893699645996094	-27.27783203125
America/Asuncion	America/Asuncion	-62.64066696166992	-27.606393814086914	-54.257999420166016	-19.287647247314453
America/Atikokan	America/Atikokan	-92.2688980102539	48.04377746582031	-91.00750732421875	49.001678466796875
America/Atikokan	America/Atikokan	-86.62413787841797	79.57870483398438	-85.00041961669922	80.33332061767578
America/Atikokan	America/Atikokan	-90.75	50.75	-89.88806915283203	52.0
America/Atikokan	America/Atikokan	-87.30812072753906	60.25287628173828	-80.02076721191406	66.09190368652344
America/Bahia	America/Bahia	-46.57728576660156	-18.39345359802246	-37.177154541015625	-8.532286643981934
America/Bahia_Banderas	America/Bahia_Banderas	-105.88325500488281	20.62430191040039	-104.95741271972656	21.10161781311035
America/Barbados	America/Barbados	-59.8562126159668	12.845000267028809	-59.214717864990234	13.53499984741211
America/Belem	America/Belem	-54.876251220703125	-9.839024543762207	-45.94340515136719	4.659830093383789
America/Belize	America/Belize	-89.22759246826172	15.88572883605957	-87.27650451660156	18.495914459228516
America/Blanc-Sablon	America/Blanc-Sablon	-63.000125885009766	48.514923095703125	-57.10749053955078	52.00008773803711
America/Boa_Vista	America/Boa_Vista	-64.82720947265625	-1.5806330442428589	-58.88600158691406	5.269580841064453
America/Bogota	America/Bogota	-81.81575012207031	3.792603015899658	-81.40254974365234	4.21542501449585
America/Bogota	America/Bogota	-78.84080505371094	15.650252342224121	-78.42572021484375	16.04955291748047
America/Bogota	America/Bogota	-80.06745147705078	15.59574031829834	-79.65245819091797	15.995062828063965
America/Bogota	America/Bogota	-82.12435913085938	11.961568832397461	-81.24552917480469	12.830424308776855
America/Bogota	America/Bogota	-80.2997817993164	13.279720306396484	-79.83015441894531	13.771835327148438
America/Bogota	America/Bogota	-81.62409210205078	13.101127624511719	-81.10226440429688	13.728236198425293
America/Bogota	America/Bogota	-81.36780548095703	13.925470352172852	-80.8710708618164	14.687297821044922
America/Bogota	America/Bogota	-80.5038070678711	14.06406021118164	-79.94960021972656	14.672456741333008
America/Bogota	America/Bogota	-79.24302673339844	-4.228090763092041	-66.85111236572266	12.665390968322754
America/Boise	America/Boise	-118.233642578125	41.988834381103516	-111.04356384277344	46.037723541259766
America/Cambridge_Bay	America/Cambridge_Bay	-120.68280792236328	64.23367309570312	-89.0	80.1230239868164
America/Campo_Grande	America/Campo_Grande	-58.16968536376953	-24.068584442138672	-50.92300033569336	-17.166349411010742
America/Cancun	America/Cancun	-89.29656219482422	17.894025802612305	-86.4932632446289	21.810739517211914
America/Caracas	America/Caracas	-71.14688873291016	12.155844688415527	-70.65027618408203	12.71668815612793
America/Caracas	America/Caracas	-63.85736083984375	15.464000701904297	-63.398128509521484	15.91584300994873
America/Caracas	America/Caracas	-63.343997955322266	11.143397331237793	-62.838985443115234	11.614365577697754
America/Caracas	America/Caracas	-64.85160827636719	11.506702423095703	-64.1861572265625	12.099552154541016
America/Caracas	America/Caracas	-65.64127349853516	10.688887596130371	-64.99430084228516	11.200007438659668
America/Caracas	America/Caracas	-67.15956115722656	11.469001770019531	-65.88616180419922	12.169193267822266
America/Caracas	America/Caracas	-67.89315795898438	11.740065574645996	-67.21018981933594	12.263394355773926
America/Caracas	America/Caracas	-73.35296630859375	0.6473960280418396	-59.77071762084961	12.361834526062012
America/Cayenne	America/Cayenne	-54.60269546508789	2.1109399795532227	-51.504520416259766	5.983889102935791
America/Cayman	America/Cayman	-80.3226547241211	19.457002639770508	-79.51109313964844	19.95737648010254
America/Cayman	America/Cayman	-81.63137817382812	19.062061309814453	-80.8731460571289	19.59690284729004
America/Chicago	America/Chicago	-104.98075103759766	25.837060928344727	-84.65953063964844	49.38447189331055
America/Chihuahua	America/Chihuahua	-109.07498168945312	25.558656692504883	-103.62855529785156	31.187801361083984
America/Ciudad_Juarez	America/Ciudad_Juarez	-108.94830322265625	30.179691314697266	-104.86631774902344	31.783897399902344
America/Costa_Rica	America/Costa_Rica	-87.10199737548828	5.507932186126709	-87.10126495361328	5.508588790893555
America/Costa_Rica	America/Costa_Rica	-87.10057830810547	5.512032985687256	-87.09960174560547	5.512817859649658
America/Costa_Rica	America/Costa_Rica	-87.09384155273438	5.512683868408203	-87.09353637695312	5.512927055358887
America/Costa_Rica	America/Costa_Rica	-87.09329223632812	5.514787197113037	-87.09255981445312	5.515354156494141
America/Costa_Rica	America/Costa_Rica	-87.06439208984375	5.549417018890381	-87.0638427734375	5.550485134124756
America/Costa_Rica	America/Costa_Rica	-87.05464935302734	5.554165840148926	-87.05332946777344	5.555314064025879
America/Costa_Rica	America/Costa_Rica	-87.048583984375	5.559150218963623	-87.04622650146484	5.563419818878174
America/Costa_Rica	America/Costa_Rica	-87.03297424316406	5.549622058868408	-87.03192901611328	5.550759792327881
America/Costa_Rica	America/Costa_Rica	-87.03612518310547	5.521516799926758	-87.03536987304688	5.521986961364746
America/Costa_Rica	America/Costa_Rica	-87.05482482910156	5.509352207183838	-87.05400848388672	5.509881019592285
America/Costa_Rica	America/Costa_Rica	-87.06865692138672	5.504424095153809	-87.06749725341797	5.505734920501709
America/Costa_Rica	America/Costa_Rica	-87.09445190429688	5.499159812927246	-87.02775573730469	5.5571489334106445
America/Costa_Rica	America/Costa_Rica	-86.18395233154297	7.8538818359375	-82.42990112304688	11.219568252563477
America/Coyhaique	America/Coyhaique	-76.0313949584961	-49.21153259277344	-71.09137725830078	-43.58598709106445
America/Creston	America/Creston	-117.04979705810547	48.99952697753906	-115.72699737548828	49.81449890136719
America/Cuiaba	America/Cuiaba	-61.632999420166016	-18.041597366333008	-50.20756912231445	-7.348292827606201
America/Curacao	America/Curacao	-69.36734771728516	11.777000427246094	-68.44133758544922	12.592000007629395
America/Danmarkshavn	America/Danmarkshavn	-22.911874771118164	75.74201202392578	-14.810147285461426	79.65149688720703
America/Dawson	America/Dawson	-141.00274658203125	59.999637603759766	-137.99964904785156	69.84587860107422
America/Dawson_Creek	America/Dawson_Creek	-124.94481658935547	53.7968635559082	-120.00118255615234	58.0
America/Denver	America/Denver	-109.38751220703125	35.129356384277344	-109.36609649658203	35.144962310791016
America/Denver	America/Denver	-109.41809844970703	35.18758010864258	-109.40658569335938	35.1942253112793
America/Denver	America/Denver	-110.2362060546875	35.6920280456543	-110.08157348632812	35.80510330200195
America/Denver	America/Denver	-116.04923248291016	30.629215240478516	-100.26087188720703	49.0011100769043
America/Detroit	America/Detroit	-90.41861724853516	41.696128845214844	-82.122802734375	48.30606460571289
America/Dominica	America/Dominica	-61.68691635131836	15.007420539855957	-61.032989501953125	15.787221908569336
America/Edmonton	America/Edmonton	-120.00138092041016	48.996665954589844	-102.00061798095703	67.82550048828125
America/Edmonton	America/Edmonton	-120.0	69.57677459716797	-110.0016860961914	79.1299819946289
America/Eirunepe	America/Eirunepe	-73.79842376708984	-9.5413818359375	-67.55857849121094	-4.126402854919434
America/El_Salvador	America/El_Salvador	-90.22090148925781	12.951802253723145	-87.5971450805664	14.451048851013184
America/Fort_Nelson	America/Fort_Nelson	-127.81828308105469	58.0	-120.0012435913086	60.00206756591797
America/Fortaleza	America/Fortaleza	-34.024070739746094	-4.078343868255615	-33.59481430053711	-3.6521658897399902
America/Fortaleza	America/Fortaleza	-48.75584030151367	-10.928055763244629	-34.57535171508789	-0.7582380175590515
America/Glace_Bay	America/Glace_Bay	-62.71213150024414	44.713233947753906	-59.28871154785156	47.76107406616211
America/Goose_Bay	America/Goose_Bay	-67.82168579101562	51.57663345336914	-55.499263763427734	60.477027893066406
America/Grand_Turk	America/Grand_Turk	-72.6799087524414	20.955341339111328	-70.8643569946289	22.16309928894043
America/Grenada	America/Grenada	-62.00727081298828	11.775904655456543	-61.209503173828125	12.609724998474121
America/Guadeloupe	America/Guadeloupe	-62.01803970336914	15.644411087036133	-60.79196548461914	16.714000701904297
America/Guatemala	America/Guatemala	-92.36487579345703	13.56342887878418	-88.21343994140625	17.81659507751465
America/Guayaquil	America/Guayaquil	-81.34434509277344	-5.015931129455566	-75.1925048828125	1.4695849418640137
America/Guyana	America/Guyana	-61.38274383544922	1.1710020303726196	-56.46895217895508	8.603883743286133
America/Halifax	America/Halifax	-66.80438232421875	48.01041030883789	-66.68346405029297	48.113555908203125
America/Halifax	America/Halifax	-60.44206237792969	43.72524642944336	-59.36345672607422	44.250091552734375
America/Halifax	America/Halifax	-66.68071746826172	43.18815612792969	-60.40375518798828	48.52850341796875
America/Havana	America/Havana	-85.16796875	19.62752914428711	-73.91899871826172	23.48169708251953
America/Hermosillo	America/Hermosillo	-115.05302429199219	26.297014236450195	-108.42427062988281	32.49403762817383
America/Indiana/Indianapolis	America/Indiana/Indianapolis	-87.65874481201172	38.39406967163086	-84.80216979980469	41.760677337646484
America/Indiana/Knox	America/Indiana/Knox	-86.93087005615234	41.171119689941406	-86.46634674072266	41.4329833984375
America/Indiana/Marengo	America/Indiana/Marengo	-86.68142700195312	38.10504150390625	-86.24552154541016	38.422874450683594
America/Indiana/Petersburg	America/Indiana/Petersburg	-87.46300506591797	38.23115158081055	-87.07231140136719	38.55223846435547
America/Indiana/Tell_City	America/Indiana/Tell_City	-86.81324005126953	37.841426849365234	-86.4305191040039	38.26444625854492
America/Indiana/Vevay	America/Indiana/Vevay	-85.20350646972656	38.68750762939453	-84.78460693359375	38.92941665649414
America/Indiana/Vincennes	America/Indiana/Vincennes	-87.75664520263672	38.20291519165039	-86.67988586425781	38.907875061035156
America/Indiana/Winamac	America/Indiana/Winamac	-86.93095397949219	40.909332275390625	-86.4665298461914	41.17278289794922
America/Inuvik	America/Inuvik	-136.58799743652344	60.000179290771484	-120.0	77.41825866699219
America/Iqaluit	America/Iqaluit	-85.00617980957031	51.16073226928711	-59.613677978515625	83.33621215820312
America/Jamaica	America/Jamaica	-78.57823944091797	16.58994483947754	-75.75411224365234	18.72563934326172
America/Juneau	America/Juneau	-138.29400634765625	56.86305236816406	-132.3697967529297	59.79804229736328
America/Kentucky/Louisville	America/Kentucky/Louisville	-86.33109283447266	37.95869064331055	-85.40509796142578	38.60673141479492
America/Kentucky/Monticello	America/Kentucky/Monticello	-85.0643081665039	36.60326385498047	-84.57247924804688	36.99760437011719
America/Kralendijk	America/Kralendijk	-68.62553405761719	11.824999809265137	-67.99163055419922	12.51200008392334
America/Kralendijk	America/Kralendijk	-63.46882247924805	17.276735305786133	-62.784706115722656	17.850000381469727
America/La_Paz	America/La_Paz	-69.64500427246094	-22.898273468017578	-57.452999114990234	-9.668944358825684
America/Lima	America/Lima	-84.63565063476562	-20.19844627380371	-68.65199279785156	-0.03928200155496597
America/Los_Angeles	America/Los_Angeles	-125.08409118652344	32.527496337890625	-114.04029846191406	49.002437591552734
America/Lower_Princes	America/Lower_Princes	-63.2688102722168	17.806209564208984	-62.94944381713867	18.064128875732422
America/Maceio	America/Maceio	-38.244998931884766	-11.575966835021973	-34.95452880859375	-8.813128471374512
America/Managua	America/Managua	-83.67620849609375	10.925909996032715	-83.66727447509766	10.934197425842285
America/Managua	America/Managua	-87.89582061767578	10.70739459991455	-82.47672271728516	15.090277671813965
America/Manaus	America/Manaus	-70.04721069335938	-9.818045616149902	-56.09700012207031	2.230109930038452
America/Marigot	America/Marigot	-63.360565185546875	17.89635467529297	-62.764404296875	18.190277099609375
America/Martinique	America/Martinique	-61.43550491333008	14.2217378616333	-60.60227966308594	15.079509735107422
America/Matamoros	America/Matamoros	-103.63750457763672	24.97941017150879	-96.92192077636719	29.880029678344727
America/Mazatlan	America/Mazatlan	-114.9846420288086	18.14198875427246	-114.47341918945312	18.58586311340332
America/Mazatlan	America/Mazatlan	-112.28333282470703	18.799179077148438	-111.86109924316406	19.200815200805664
America/Mazatlan	America/Mazatlan	-111.27914428710938	18.5074405670166	-110.68913269042969	19.09249496459961
America/Mazatlan	America/Mazatlan	-111.04403686523438	19.093313217163086	-110.59259796142578	19.534042358398438
America/Mazatlan	America/Mazatlan	-106.9250259399414	21.074111938476562	-106.0051498413086	21.979066848754883
America/Mazatlan	America/Mazatlan	-109.6739501953125	20.603221893310547	-103.72089385986328	27.04224967956543
America/Mazatlan	America/Mazatlan	-115.97050476074219	24.750619888305664	-115.52871704101562	25.154346466064453
America/Mazatlan	America/Mazatlan	-115.4517822265625	22.670148849487305	-109.19654846191406	28.11876106262207
America/Miquelon	America/Miquelon	-56.69746398925781	46.548831939697266	-55.90664291381836	47.34157943725586
America/Menominee	America/Menominee	-90.41853332519531	45.07643508911133	-87.10113525390625	46.765499114990234
America/Merida	America/Merida	-90.01301574707031	22.169055938720703	-89.44014739990234	22.78326988220215
America/Merida	America/Merida	-91.62969207763672	21.924907684326172	-91.16861724853516	22.334087371826172
America/Merida	America/Merida	-92.52438354492188	20.695831298828125	-92.0011978149414	21.180723190307617
America/Merida	America/Merida	-92.18627166748047	20.002559661865234	-91.75074005126953	20.420963287353516
America/Merida	America/Merida	-92.51107788085938	17.81242561340332	-87.51097869873047	21.830570220947266
America/Metlakatla	America/Metlakatla	-131.71334838867188	54.98008346557617	-131.2395477294922	55.2946891784668
America/Mexico_City	America/Mexico_City	-105.908203125	14.381182670593262	-90.37151336669922	25.12523651123047
America/Moncton	America/Moncton	-69.053466796875	44.283668518066406	-63.32887268066406	48.22068405151367
America/Monterrey	America/Monterrey	-107.21012878417969	22.206966400146484	-97.3053207397461	29.064056396484375
America/Montevideo	America/Montevideo	-58.110023498535156	-33.023067474365234	-58.106510162353516	-33.02045440673828
America/Montevideo	America/Montevideo	-58.12720489501953	-33.02785110473633	-58.126285552978516	-33.027584075927734
America/Montevideo	America/Montevideo	-58.128780364990234	-33.02885818481445	-58.10838317871094	-32.99021911621094
America/Montevideo	America/Montevideo	-58.13353729248047	-33.03476333618164	-58.125484466552734	-33.02839660644531
America/Montevideo	America/Montevideo	-58.12626647949219	-33.01140213012695	-58.124393463134766	-33.00403594970703
America/Montevideo	America/Montevideo	-58.117942810058594	-32.99051284790039	-58.101802825927734	-32.93154525756836
America/Montevideo	America/Montevideo	-58.11484146118164	-33.024322509765625	-58.0877571105957	-32.951622009277344
America/Montevideo	America/Montevideo	-58.494773864746094	-35.7824821472168	-53.075584411621094	-30.08539581298828
America/Montserrat	America/Montserrat	-62.45024490356445	16.473739624023438	-61.93597412109375	16.88851547241211
America/Nassau	America/Nassau	-80.7001953125	20.705984115600586	-72.44775390625	27.47345542907715
America/New_York	America/New_York	-75.23249053955078	19.869741439819336	-75.08650970458984	19.97437858581543
America/New_York	America/New_York	-83.16255187988281	24.411672592163086	-82.58500671386719	24.851688385009766
America/New_York	America/New_York	-86.49068450927734	24.25200653076172	-66.88541412353516	47.4598388671875
America/Nome	America/Nome	-172.2959442138672	62.73696517944336	-168.243408203125	63.98504638671875
America/Nome	America/Nome	-168.5686798095703	64.76067352294922	-167.5780487060547	65.182373046875
America/Nome	America/Nome	-170.14805603027344	56.33238220214844	-169.10357666015625	56.814964294433594
America/Nome	America/Nome	-170.7901153564453	56.843170166015625	-169.56809997558594	57.449363708496094
America/Nome	America/Nome	-173.52113342285156	59.996307373046875	-171.8203125	60.89884948730469
America/Nome	America/Nome	-169.49700927734375	52.56008529663086	-161.9987335205078	56.06502914428711
America/Nome	America/Nome	-167.84719848632812	58.391822814941406	-162.0	63.83639144897461
America/Nome	America/Nome	-169.048583984375	64.12525939941406	-162.0	70.52607727050781
America/Noronha	America/Noronha	-29.546192169189453	0.7146300077438354	-29.144737243652344	1.1192699670791626
America/Noronha	America/Noronha	-32.6762580871582	-4.082286834716797	-32.17115020751953	-3.603365898132324
America/North_Dakota/Beulah	America/North_Dakota/Beulah	-102.207763671875	46.980899810791016	-101.25679779052734	47.57529830932617
America/North_Dakota/Center	America/North_Dakota/Center	-101.763671875	46.981815338134766	-100.8795166015625	47.295284271240234
America/North_Dakota/New_Salem	America/North_Dakota/New_Salem	-102.09699249267578	46.27537536621094	-100.543212890625	46.982574462890625
America/Nuuk	America/Nuuk	-69.10762786865234	59.51538848876953	-10.028876304626465	83.87517547607422
America/Ojinaga	America/Ojinaga	-105.90990447998047	28.544889450073242	-103.30668640136719	30.50855827331543
America/Panama	America/Panama	-83.0518569946289	7.002717018127441	-77.15857696533203	9.846902847290039
America/Paramaribo	America/Paramaribo	-58.07118606567383	1.831279993057251	-53.860137939453125	6.216084003448486
America/Phoenix	America/Phoenix	-111.00070190429688	35.50000762939453	-109.99980163574219	36.43064880371094
America/Phoenix	America/Phoenix	-111.29519653320312	35.964881896972656	-111.08236694335938	36.162803649902344
America/Phoenix	America/Phoenix	-114.818359375	31.33221435546875	-109.04531860351562	37.00166320800781
America/Port-au-Prince	America/Port-au-Prince	-75.23846435546875	18.189254760742188	-74.79045104980469	18.61371612548828
America/Port-au-Prince	America/Port-au-Prince	-74.69094848632812	17.820859909057617	-71.62174224853516	20.29118537902832
America/Port_of_Spain	America/Port_of_Spain	-62.08305740356445	9.873210906982422	-60.28958511352539	11.562836647033691
America/Porto_Velho	America/Porto_Velho	-66.81024932861328	-13.692378044128418	-59.773677825927734	-7.973964214324951
America/Puerto_Rico	America/Puerto_Rico	-68.16127014160156	17.850717544555664	-67.63375854492188	18.362924575805664
America/Puerto_Rico	America/Puerto_Rico	-67.70122528076172	17.68027114868164	-65.06275939941406	18.717552185058594
America/Punta_Arenas	America/Punta_Arenas	-69.10499572753906	-56.724998474121094	-68.33279418945312	-56.24800109863281
America/Punta_Arenas	America/Punta_Arenas	-76.0494384765625	-56.17911148071289	-66.07534790039062	-48.58222961425781
America/Punta_Arenas	America/Punta_Arenas	-64.0	-64.0	-57.29999923706055	-61.79999923706055
America/Rankin_Inlet	America/Rankin_Inlet	-102.007568359375	55.265655517578125	-84.99989318847656	82.77183532714844
America/Recife	America/Recife	-41.35833740234375	-9.4830961227417	-34.574798583984375	-7.272953987121582
America/Regina	America/Regina	-110.0063705444336	48.99880599975586	-101.36190795898438	60.00002670288086
America/Resolute	America/Resolute	-96.69071960449219	74.6061782836914	-93.30551147460938	75.6566162109375
America/Rio_Branco	America/Rio_Branco	-73.98306274414062	-11.147505760192871	-66.6238021850586	-7.11306095123291
America/Santarem	America/Santarem	-58.89699935913086	-9.680658340454102	-51.608760833740234	2.5909299850463867
America/Santiago	America/Santiago	-79.19551849365234	-33.915000915527344	-78.52980041503906	-33.40599822998047
America/Santiago	America/Santiago	-81.0783462524414	-34.01599884033203	-80.51393127441406	-33.52199935913086
America/Santiago	America/Santiago	-80.33763885498047	-26.549999237060547	-79.64347076416016	-26.086999893188477
America/Santiago	America/Santiago	-75.14545440673828	-44.065757751464844	-66.99051666259766	-17.498382568359375
America/Santo_Domingo	America/Santo_Domingo	-72.06963348388672	17.270170211791992	-68.11014556884766	21.292877197265625
America/Sao_Paulo	America/Sao_Paulo	-29.063901901245117	-20.697071075439453	-28.628965377807617	-20.26703453063965
America/Sao_Paulo	America/Sao_Paulo	-29.558290481567383	-20.727859497070312	-29.08210563659668	-20.283510208129883
America/Sao_Paulo	America/Sao_Paulo	-57.648929595947266	-33.86942672729492	-39.461021423339844	-12.397302627563477
America/Scoresbysund	America/Scoresbysund	-24.838886260986328	70.22237396240234	-20.78093910217285	72.38562774658203
America/Sitka	America/Sitka	-136.80958557128906	54.460697174072266	-129.9741668701172	58.0013427734375
America/St_Barthelemy	America/St_Barthelemy	-63.06639099121094	17.670930862426758	-62.58440017700195	18.137556076049805
America/St_Johns	America/St_Johns	-53.49958801269531	49.55418014526367	-52.87026596069336	49.95880889892578
America/St_Johns	America/St_Johns	-60.47682189941406	46.410186767578125	-52.32376480102539	53.701271057128906
America/St_Kitts	America/St_Kitts	-63.049110412597656	16.892623901367188	-62.37418746948242	17.617055892944336
America/St_Lucia	America/St_Lucia	-61.285560607910156	13.506074905395508	-60.66404342651367	14.272500038146973
America/St_Thomas	America/St_Thomas	-65.1138687133789	17.47309684753418	-64.3554916381836	17.995840072631836
America/St_Thomas	America/St_Thomas	-65.21157836914062	18.029420852661133	-64.63694763183594	18.611434936523438
America/St_Vincent	America/St_Vincent	-61.66456985473633	12.398358345031738	-60.908756256103516	13.584300994873047
America/Swift_Current	America/Swift_Current	-110.00575256347656	48.99924087524414	-106.26795196533203	54.67496871948242
America/Tegucigalpa	America/Tegucigalpa	-82.60338592529297	15.667304039001465	-82.181640625	16.07408332824707
America/Tegucigalpa	America/Tegucigalpa	-84.15469360351562	17.204557418823242	-83.69297790527344	17.619522094726562
America/Tegucigalpa	America/Tegucigalpa	-89.35681915283203	12.980849266052246	-82.22663879394531	16.716466903686523
America/Thule	America/Thule	-74.12504577636719	75.678955078125	-63.50080490112305	79.31910705566406
America/Tijuana	America/Tijuana	-117.53772735595703	27.999988555908203	-112.54283142089844	32.718711853027344
America/Tijuana	America/Tijuana	-115.8281021118164	27.91537094116211	-114.92447662353516	28.579666137695312
America/Tijuana	America/Tijuana	-118.59918975830078	28.648563385009766	-117.9909896850586	29.397531509399414
America/Toronto	America/Toronto	-78.91165924072266	51.30733108520508	-78.8814926147461	51.33806610107422
America/Toronto	America/Toronto	-78.93213653564453	51.28521728515625	-78.9206314086914	51.30207061767578
America/Toronto	America/Toronto	-78.94766998291016	51.28498458862305	-78.93419647216797	51.319000244140625
America/Toronto	America/Toronto	-77.20279693603516	55.658958435058594	-77.1884994506836	55.663333892822266
America/Toronto	America/Toronto	-91.00790405273438	41.67655944824219	-61.64324951171875	62.58246612548828
America/Tortola	America/Tortola	-64.95596313476562	18.105531692504883	-64.05973052978516	18.950380325317383
America/Vancouver	America/Vancouver	-139.0613250732422	48.22455596923828	-116.44245910644531	60.001930236816406
America/Whitehorse	America/Whitehorse	-138.0	59.99854278564453	-123.81024932861328	69.47962951660156
America/Winnipeg	America/Winnipeg	-102.51451110839844	48.22016525268555	-88.5	59.99951171875
America/Yakutat	America/Yakutat	-141.64614868164062	58.713722229003906	-137.5	60.35250473022461
Antarctica/Casey	Antarctica/Casey	97.0	-70.0	120.0	-64.0
Antarctica/Davis	Antarctica/Davis	77.5	-86.0	86.0	-65.0
Antarctica/DumontDUrville	Antarctica/DumontDUrville	120.0	-70.0	160.0	-65.0
Antarctica/Macquarie	Antarctica/Macquarie	158.32659912109375	-55.322818756103516	159.34027099609375	-54.15617370605469
Antarctica/Mawson	Antarctica/Mawson	55.0	-86.0	77.5	-64.0
Antarctica/McMurdo	Antarctica/McMurdo	-180.0	-90.0	180.0	-65.0
Antarctica/Palmer	Antarctica/Palmer	-65.5	-65.25	-63.79999923706055	-64.0
Antarctica/Rothera	Antarctica/Rothera	-80.0	-86.0	-67.5	-66.0
Antarctica/Rothera	Antarctica/Rothera	-35.0	-86.0	-17.0	-71.0
Antarctica/Syowa	Antarctica/Syowa	25.0	-86.0	55.0	-64.0
Antarctica/Troll	Antarctica/Troll	0.0	-86.0	25.0	-68.0
Antarctica/Vostok	Antarctica/Vostok	86.0	-86.0	115.0	-64.0
Arctic/Longyearbyen	Arctic/Longyearbyen	17.995872497558594	74.13544464111328	20.01414680480957	74.71458435058594
Arctic/Longyearbyen	Arctic/Longyearbyen	24.043338775634766	76.244140625	26.36530113220215	76.9142074584961
Arctic/Longyearbyen	Arctic/Longyearbyen	30.26667594909668	79.83137512207031	34.68891143798828	80.51568603515625
Arctic/Longyearbyen	Arctic/Longyearbyen	25.334823608398438	78.4393539428711	31.463043212890625	79.2197036743164
Arctic/Longyearbyen	Arctic/Longyearbyen	9.420891761779785	76.2429428100586	29.446592330932617	81.02801513671875
Asia/Aden	Asia/Aden	41.60824966430664	15.324049949645996	42.058982849121094	15.7570161819458
Asia/Aden	Asia/Aden	52.77328109741211	11.908479690551758	54.73893737792969	12.912991523742676
Asia/Aden	Asia/Aden	51.85846710205078	11.948591232299805	52.59876251220703	12.642228126525879
Asia/Aden	Asia/Aden	41.75571823120117	12.39394760131836	53.188846588134766	19.0
Asia/Almaty	Asia/Almaty	62.95008850097656	40.56869125366211	87.31563568115234	55.442169189453125
Asia/Amman	Asia/Amman	34.884437561035156	29.183401107788086	39.29985809326172	33.373435974121094
Asia/Anadyr	Asia/Anadyr	-176.36264038085938	71.15680694580078	-174.9394073486328	71.62670135498047
Asia/Anadyr	Asia/Anadyr	157.73056030273438	61.6077995300293	180.0	70.32417297363281
Asia/Anadyr	Asia/Anadyr	178.01112365722656	70.58628845214844	180.0	71.74907684326172
Asia/Anadyr	Asia/Anadyr	-180.0	62.55455780029297	-179.93386840820312	62.87590408325195
Asia/Anadyr	Asia/Anadyr	-180.0	70.66133117675781	-176.81690979003906	71.80525970458984
Asia/Anadyr	Asia/Anadyr	-180.0	64.04210662841797	-168.97694396972656	69.28951263427734
Asia/Aqtau	Asia/Aqtau	49.808292388916016	41.24639129638672	56.74410629272461	46.5201301574707
Asia/Aqtobe	Asia/Aqtobe	53.610931396484375	45.17741012573242	64.27717590332031	51.31707000732422
Asia/Ashgabat	Asia/Ashgabat	52.26435470581055	35.129093170166016	66.70748138427734	42.79966735839844
Asia/Atyrau	Asia/Atyrau	47.0499382019043	45.74587631225586	56.471824645996094	49.23275375366211
Asia/Baghdad	Asia/Baghdad	38.792640686035156	29.058565139770508	49.10676956176758	37.38066864013672
Asia/Bahrain	Asia/Bahrain	50.269798278808594	25.53499984741211	50.92336654663086	26.687244415283203
Asia/Baku	Asia/Baku	44.763370513916016	38.84451675415039	46.14970779418945	39.79398727416992
Asia/Baku	Asia/Baku	45.01494216918945	38.3929557800293	51.17655563354492	41.96467590332031
Asia/Bangkok	Asia/Bangkok	102.14386749267578	16.921024322509766	108.20861053466797	23.39269256591797
Asia/Bangkok	Asia/Bangkok	97.34380340576172	5.612851142883301	105.63681030273438	20.464813232421875
Asia/Bangkok	Asia/Bangkok	107.50438690185547	19.917757034301758	107.95185852050781	20.337923049926758
Asia/Barnaul	Asia/Barnaul	77.88912200927734	49.07044219970703	89.86564636230469	54.45310974121094
Asia/Beirut	Asia/Beirut	34.882568359375	33.05503463745117	36.625	34.69214630126953
Asia/Bishkek	Asia/Bishkek	69.26495361328125	39.182254791259766	80.22830963134766	43.266902923583984
Asia/Brunei	Asia/Brunei	114.00257110595703	4.002508163452148	115.36356353759766	5.19912576675415
Asia/Chita	Asia/Chita	107.73421478271484	49.15420150756836	122.14582061767578	58.43739318847656
Asia/Colombo	Asia/Colombo	79.42198944091797	5.718999862670898	82.08101654052734	10.03499984741211
Asia/Damascus	Asia/Damascus	35.47144317626953	32.3117561340332	42.37458801269531	37.31868362426758
Asia/Dhaka	Asia/Dhaka	88.9183578491211	26.274837493896484	88.98503875732422	26.335227966308594
Asia/Dhaka	Asia/Dhaka	89.13291931152344	26.321874618530273	89.1365737915039	26.32442283630371
Asia/Dhaka	Asia/Dhaka	88.0079116821289	20.367908477783203	92.6801986694336	26.63588523864746
Asia/Dili	Asia/Dili	124.05506134033203	-9.502920150756836	124.49241638183594	-8.964611053466797
Asia/Dili	Asia/Dili	124.9317626953125	-9.609684944152832	127.54336547851562	-8.113533973693848
Asia/Dubai	Asia/Dubai	53.723270416259766	24.790952682495117	53.73830795288086	24.80401039123535
Asia/Dubai	Asia/Dubai	53.97770309448242	25.01189422607422	54.46110916137695	25.45289421081543
Asia/Dubai	Asia/Dubai	54.45645523071289	25.125707626342773	54.85211181640625	25.48643684387207
Asia/Dubai	Asia/Dubai	56.26763916015625	25.26057243347168	56.29336929321289	25.290414810180664
Asia/Dubai	Asia/Dubai	51.416072845458984	22.631620407104492	56.602447509765625	26.151721954345703
Asia/Dubai	Asia/Dubai	53.4748649597168	24.81468391418457	53.52729034423828	24.849985122680664
Asia/Dubai	Asia/Dubai	53.63945770263672	24.833356857299805	53.67763137817383	24.85441780090332
Asia/Dubai	Asia/Dubai	53.70856857299805	24.89280128479004	53.73933029174805	24.915517807006836
Asia/Dushanbe	Asia/Dushanbe	70.54873657226562	40.914459228515625	70.67164611816406	41.00659942626953
Asia/Dushanbe	Asia/Dushanbe	70.49417877197266	39.769065856933594	70.7436752319336	39.88945770263672
Asia/Dushanbe	Asia/Dushanbe	70.48778533935547	39.90324783325195	70.51673889160156	39.95701217651367
Asia/Dushanbe	Asia/Dushanbe	67.3332748413086	36.67111587524414	75.1539535522461	41.04509353637695
Asia/Famagusta	Asia/Famagusta	32.671173095703125	35.003028869628906	34.855316162109375	35.91325378417969
Asia/Famagusta	Asia/Famagusta	32.51030349731445	35.17279052734375	32.63432312011719	35.394771575927734
Asia/Gaza	Asia/Gaza	34.054691314697266	31.220129013061523	34.567325592041016	31.705434799194336
Asia/Hebron	Asia/Hebron	34.88005447387695	31.34210777282715	35.57392501831055	32.552146911621094
Asia/Ho_Chi_Minh	Asia/Ho_Chi_Minh	114.05308532714844	9.596087455749512	114.7664566040039	10.584087371826172
Asia/Ho_Chi_Minh	Asia/Ho_Chi_Minh	103.05224609375	8.179065704345703	109.67098236083984	17.527021408081055
Asia/Ho_Chi_Minh	Asia/Ho_Chi_Minh	114.09703063964844	11.218507766723633	114.4852523803711	11.562655448913574
Asia/Ho_Chi_Minh	Asia/Ho_Chi_Minh	111.47173309326172	8.444466590881348	112.7891845703125	9.130828857421875
Asia/Ho_Chi_Minh	Asia/Ho_Chi_Minh	112.71974182128906	7.692084789276123	113.55647277832031	8.4691801071167
Asia/Ho_Chi_Minh	Asia/Ho_Chi_Minh	113.45130920410156	8.514200210571289	114.38626098632812	9.173689842224121
Asia/Ho_Chi_Minh	Asia/Ho_Chi_Minh	114.45304870605469	8.657552719116211	114.85726165771484	9.056938171386719
Asia/Ho_Chi_Minh	Asia/Ho_Chi_Minh	113.64224243164062	9.812882423400879	114.06133270263672	10.298665046691895
Asia/Hong_Kong	Asia/Hong_Kong	113.94024658203125	22.49053192138672	113.94634246826172	22.503887176513672
Asia/Hong_Kong	Asia/Hong_Kong	113.8172378540039	22.1367244720459	114.50248718261719	22.56833267211914
Asia/Hovd	Asia/Hovd	87.73458862304688	44.99940872192383	95.72599029541016	50.8842887878418
Asia/Irkutsk	Asia/Irkutsk	95.64627075195312	49.96977996826172	119.13931274414062	64.32154846191406
Asia/Jakarta	Asia/Jakarta	94.77171325683594	-9.030136108398438	116.48417663574219	6.274449825286865
Asia/Jayapura	Asia/Jayapura	123.92323303222656	-9.386136054992676	141.01943969726562	3.4075961112976074
Asia/Jerusalem	Asia/Jerusalem	34.26749801635742	29.453380584716797	35.895023345947266	33.33563232421875
Asia/Kabul	Asia/Kabul	60.51760482788086	29.37729263305664	74.88986206054688	38.49106979370117
Asia/Kamchatka	Asia/Kamchatka	167.07333374023438	54.29642868041992	168.44580078125	55.08430862426758
Asia/Kamchatka	Asia/Kamchatka	165.40390014648438	54.47935485839844	167.02359008789062	55.56544494628906
Asia/Kamchatka	Asia/Kamchatka	155.21524047851562	50.685638427734375	174.5188751220703	64.93746948242188
Asia/Karachi	Asia/Karachi	60.87285614013672	23.4341983795166	77.12039184570312	37.0916748046875
Asia/Kathmandu	Asia/Kathmandu	80.05708312988281	26.34775733947754	88.20152282714844	30.471487045288086
Asia/Khandyga	Asia/Khandyga	131.58511352539062	58.83453369140625	140.87545776367188	66.20858764648438
Asia/Kolkata	Asia/Kolkata	94.04489135742188	13.236547470092773	94.4783706665039	13.661109924316406
Asia/Kolkata	Asia/Kolkata	93.6468734741211	12.063826560974121	94.0822525024414	12.489249229431152
Asia/Kolkata	Asia/Kolkata	91.99331665039062	6.553116798400879	94.14911651611328	13.877098083496094
Asia/Kolkata	Asia/Kolkata	71.51803588867188	8.064820289611816	73.90614318847656	12.601005554199219
Asia/Kolkata	Asia/Kolkata	67.9544448852539	7.872247219085693	97.39508819580078	35.67293167114258
Asia/Krasnoyarsk	Asia/Krasnoyarsk	77.72990417480469	49.7429313659668	114.73963165283203	81.47418212890625
Asia/Krasnoyarsk	Asia/Krasnoyarsk	81.30545043945312	77.2655029296875	83.58812713623047	77.7257080078125
Asia/Krasnoyarsk	Asia/Krasnoyarsk	87.80611419677734	76.76901245117188	93.02542877197266	77.85809326171875
Asia/Krasnoyarsk	Asia/Krasnoyarsk	77.57679748535156	80.54441833496094	81.4267349243164	81.10216522216797
Asia/Krasnoyarsk	Asia/Krasnoyarsk	74.98685455322266	79.27885437011719	78.67098999023438	79.87557220458984
Asia/Krasnoyarsk	Asia/Krasnoyarsk	92.67725372314453	77.94132232666016	94.78793334960938	78.42253875732422
Asia/Krasnoyarsk	Asia/Krasnoyarsk	80.81114196777344	74.8678970336914	84.09493255615234	76.18672180175781
Asia/Krasnoyarsk	Asia/Krasnoyarsk	78.46089935302734	74.31402587890625	80.3753662109375	74.8414077758789
Asia/Kuala_Lumpur	Asia/Kuala_Lumpur	98.73651123046875	1.1910879611968994	104.75120544433594	6.726081848144531
Asia/Kuching	Asia/Kuching	113.59024047851562	7.178223133087158	115.00091552734375	8.380146980285645
Asia/Kuching	Asia/Kuching	109.53803253173828	0.8538209795951843	119.46996307373047	7.632884979248047
Asia/Kuwait	Asia/Kuwait	46.55268478393555	28.524362564086914	49.00468063354492	30.10380744934082
Asia/Macau	Asia/Macau	113.54695892333984	22.138015747070312	113.54703521728516	22.138198852539062
Asia/Macau	Asia/Macau	113.54420471191406	22.137493133544922	113.54676818847656	22.143495559692383
Asia/Macau	Asia/Macau	113.54017639160156	22.1205997467041	113.54741668701172	22.13610076904297
Asia/Macau	Asia/Macau	113.52816772460938	22.07666778564453	113.63014221191406	22.2170352935791
Asia/Magadan	Asia/Magadan	144.72862243652344	58.63752746582031	163.49569702148438	66.33914184570312
Asia/Magadan	Asia/Magadan	151.4141845703125	46.568824768066406	152.57464599609375	47.357025146484375
Asia/Magadan	Asia/Magadan	145.242919921875	43.13908386230469	151.2080078125	46.93888473510742
Asia/Makassar	Asia/Makassar	113.83433532714844	-11.208566665649414	127.75399780273438	5.763951778411865
Asia/Manila	Asia/Manila	115.59843444824219	10.530933380126953	116.02672576904297	11.01724624633789
Asia/Manila	Asia/Manila	114.81790924072266	10.878767967224121	115.23041534423828	11.283761978149414
Asia/Manila	Asia/Manila	114.18285369873047	11.298582077026367	114.5615234375	11.654809951782227
Asia/Manila	Asia/Manila	114.10037231445312	10.547066688537598	114.73638153076172	11.227564811706543
Asia/Manila	Asia/Manila	116.68633270263672	4.383333206176758	126.80308532714844	21.321928024291992
Asia/Muscat	Asia/Muscat	56.2080078125	25.227184295654297	56.35163497924805	25.337862014770508
Asia/Muscat	Asia/Muscat	52.0	16.4649600982666	60.0545768737793	25.008764266967773
Asia/Muscat	Asia/Muscat	55.888370513916016	25.602190017700195	56.771541595458984	26.702678680419922
Asia/Nicosia	Asia/Nicosia	32.02275848388672	34.43836975097656	34.333885192871094	35.39912414550781
Asia/Novokuznetsk	Asia/Novokuznetsk	86.74955749511719	53.32943344116211	86.80482482910156	53.35178756713867
Asia/Novokuznetsk	Asia/Novokuznetsk	84.44789123535156	52.16270446777344	89.40264129638672	56.83513259887695
Asia/Novosibirsk	Asia/Novosibirsk	75.0880126953125	53.29140853881836	85.11595916748047	57.23783493041992
Asia/Omsk	Asia/Omsk	70.70243072509766	55.92952346801758	70.7972183227539	55.9596061706543
Asia/Omsk	Asia/Omsk	70.72370147705078	55.979732513427734	70.82217407226562	56.04698181152344
Asia/Omsk	Asia/Omsk	70.75291442871094	56.361873626708984	70.81989288330078	56.39495086669922
Asia/Omsk	Asia/Omsk	70.35830688476562	53.435394287109375	76.3035888671875	58.57571792602539
Asia/Oral	Asia/Oral	46.49321746826172	47.94808578491211	54.58136749267578	51.776123046875
Asia/Phnom_Penh	Asia/Phnom_Penh	102.33383178710938	9.41109561920166	107.6312255859375	14.690313339233398
Asia/Pontianak	Asia/Pontianak	108.1386489868164	-5.1882710456848145	115.84935760498047	2.3148601055145264
Asia/Pyongyang	Asia/Pyongyang	130.2312469482422	42.778717041015625	130.25257873535156	42.80278396606445
Asia/Pyongyang	Asia/Pyongyang	130.25045776367188	42.86064910888672	130.25662231445312	42.86885452270508
Asia/Pyongyang	Asia/Pyongyang	130.37127685546875	42.61128616333008	130.3762969970703	42.61677551269531
Asia/Pyongyang	Asia/Pyongyang	130.33572387695312	42.64055252075195	130.33738708496094	42.64152526855469
Asia/Pyongyang	Asia/Pyongyang	130.33798217773438	42.63966751098633	130.339599609375	42.64065170288086
Asia/Pyongyang	Asia/Pyongyang	130.33908081054688	42.63999938964844	130.3397979736328	42.640350341796875
Asia/Pyongyang	Asia/Pyongyang	130.3396759033203	42.6396369934082	130.34033203125	42.63996887207031
Asia/Pyongyang	Asia/Pyongyang	130.29470825195312	42.68163299560547	130.29664611816406	42.6862678527832
Asia/Pyongyang	Asia/Pyongyang	130.35594177246094	42.63129806518555	130.35862731933594	42.63290786743164
Asia/Pyongyang	Asia/Pyongyang	130.51730346679688	42.59944534301758	130.51974487304688	42.604042053222656
Asia/Pyongyang	Asia/Pyongyang	130.47622680664062	42.61299514770508	130.4781494140625	42.615501403808594
Asia/Pyongyang	Asia/Pyongyang	130.4611053466797	42.5970458984375	130.46348571777344	42.6015739440918
Asia/Pyongyang	Asia/Pyongyang	130.5355682373047	42.5084228515625	130.54940795898438	42.531951904296875
Asia/Pyongyang	Asia/Pyongyang	130.42462158203125	42.55506896972656	130.42510986328125	42.55559539794922
Asia/Pyongyang	Asia/Pyongyang	130.4300537109375	42.5461540222168	130.4449462890625	42.55101013183594
Asia/Pyongyang	Asia/Pyongyang	130.4467315673828	42.54534912109375	130.4505157470703	42.548370361328125
Asia/Pyongyang	Asia/Pyongyang	130.24314880371094	42.84282302856445	130.2461700439453	42.84658432006836
Asia/Pyongyang	Asia/Pyongyang	130.2427215576172	42.760581970214844	130.2441864013672	42.763607025146484
Asia/Pyongyang	Asia/Pyongyang	130.2415771484375	42.75544738769531	130.24278259277344	42.756248474121094
Asia/Pyongyang	Asia/Pyongyang	130.24159240722656	42.72522735595703	130.24192810058594	42.725521087646484
Asia/Pyongyang	Asia/Pyongyang	130.2349090576172	42.7326545715332	130.23561096191406	42.73420715332031
Asia/Pyongyang	Asia/Pyongyang	130.47384643554688	42.57352828979492	130.47547912597656	42.575531005859375
Asia/Pyongyang	Asia/Pyongyang	124.12539672851562	37.58332824707031	130.88612365722656	43.00896453857422
Asia/Qatar	Asia/Qatar	52.00628662109375	24.829744338989258	52.45582580566406	25.233861923217773
Asia/Qatar	Asia/Qatar	52.1824951171875	25.466869354248047	52.63801193237305	25.882667541503906
Asia/Qatar	Asia/Qatar	50.567501068115234	24.470752716064453	51.8772087097168	26.4345645904541
Asia/Qostanay	Asia/Qostanay	59.99412155151367	48.17028045654297	68.0920181274414	54.717041015625
Asia/Qyzylorda	Asia/Qyzylorda	59.030601501464844	42.32270812988281	68.060302734375	47.827728271484375
Asia/Riyadh	Asia/Riyadh	34.45717239379883	16.290000915527344	55.666683197021484	32.15428161621094
Asia/Sakhalin	Asia/Sakhalin	140.92205810546875	46.02153396606445	141.55987548828125	46.49305725097656
Asia/Sakhalin	Asia/Sakhalin	141.41571044921875	45.59234619140625	145.05014038085938	54.625980377197266
Asia/Samarkand	Asia/Samarkand	55.99855422973633	37.18159866333008	68.40534210205078	45.59067916870117
Asia/Seoul	Asia/Seoul	131.6105499267578	37.03722381591797	132.1236114501953	37.448055267333984
Asia/Seoul	Asia/Seoul	130.51565551757812	37.25312423706055	131.21726989746094	37.75337219238281
Asia/Seoul	Asia/Seoul	124.37273406982422	37.566612243652344	124.97755432128906	38.04999923706055
Asia/Seoul	Asia/Seoul	124.83642578125	32.910457611083984	129.8326416015625	38.61772155761719
Asia/Shanghai	Asia/Shanghai	114.59584045410156	10.211226463317871	114.78973388671875	10.584087371826172
Asia/Shanghai	Asia/Shanghai	116.21511840820312	9.51228141784668	116.69502258300781	9.995197296142578
Asia/Shanghai	Asia/Shanghai	117.50311279296875	14.901931762695312	118.05514526367188	15.42454719543457
Asia/Shanghai	Asia/Shanghai	114.09491729736328	9.515218734741211	114.45006561279297	9.779857635498047
Asia/Shanghai	Asia/Shanghai	114.39285278320312	9.708884239196777	114.55248260498047	10.101774215698242
Asia/Shanghai	Asia/Shanghai	114.0210189819336	9.987374305725098	114.32763671875	10.397857666015625
Asia/Shanghai	Asia/Shanghai	115.2949447631836	9.67916202545166	115.78191375732422	10.13404655456543
Asia/Shanghai	Asia/Shanghai	113.8719482421875	10.706802368164062	114.27631378173828	11.14445972442627
Asia/Shanghai	Asia/Shanghai	112.67230224609375	9.33765983581543	113.22154998779297	9.861738204956055
Asia/Shanghai	Asia/Shanghai	112.70115661621094	8.6650390625	113.03300476074219	9.06429386138916
Asia/Shanghai	Asia/Shanghai	112.19049072265625	15.682099342346191	112.2927017211914	15.75886058807373
Asia/Shanghai	Asia/Shanghai	110.98087310791016	15.573589324951172	112.95340728759766	17.31785774230957
Asia/Shanghai	Asia/Shanghai	113.53633880615234	15.360410690307617	114.99357604980469	16.3358154296875
Asia/Shanghai	Asia/Shanghai	73.4997329711914	17.95751953125	134.77545166015625	53.560813903808594
Asia/Singapore	Asia/Singapore	103.5647964477539	1.1280230283737183	104.13008117675781	1.4787509441375732
Asia/Singapore	Asia/Singapore	104.34593200683594	1.3166489601135254	104.57123565673828	1.5143179893493652
Asia/Singapore	Asia/Singapore	104.38819885253906	1.2925859689712524	104.39702606201172	1.301435947418213
Asia/Srednekolymsk	Asia/Srednekolymsk	138.67535400390625	63.936134338378906	163.10598754882812	72.76121520996094
Asia/Srednekolymsk	Asia/Srednekolymsk	152.11721801757812	47.09986877441406	153.59815979003906	48.50096893310547
Asia/Srednekolymsk	Asia/Srednekolymsk	153.16378784179688	48.32765579223633	155.23046875	50.01676940917969
Asia/Srednekolymsk	Asia/Srednekolymsk	154.6417999267578	49.79412078857422	156.80288696289062	51.121734619140625
Asia/Taipei	Asia/Taipei	118.13818359375	24.374711990356445	118.13834381103516	24.37489891052246
Asia/Taipei	Asia/Taipei	118.13809967041016	24.374650955200195	118.13816833496094	24.374719619750977
Asia/Taipei	Asia/Taipei	118.13799285888672	24.374584197998047	118.1380844116211	24.374624252319336
Asia/Taipei	Asia/Taipei	118.13815307617188	24.374467849731445	118.1389389038086	24.374950408935547
Asia/Taipei	Asia/Taipei	114.2857894897461	10.326766014099121	114.42694091796875	10.440278053283691
Asia/Taipei	Asia/Taipei	118.13853454589844	24.374605178833008	118.13859558105469	24.374652862548828
Asia/Taipei	Asia/Taipei	119.95769500732422	26.08094024658203	119.95796203613281	26.08118438720703
Asia/Taipei	Asia/Taipei	119.96520233154297	26.09115219116211	119.96597290039062	26.092121124267578
Asia/Taipei	Asia/Taipei	120.4022445678711	26.155284881591797	120.40641021728516	26.158748626708984
Asia/Taipei	Asia/Taipei	119.96011352539062	26.08384895324707	119.96540832519531	26.08835792541504
Asia/Taipei	Asia/Taipei	120.20204162597656	26.248891830444336	120.20238494873047	26.249401092529297
Asia/Taipei	Asia/Taipei	120.20228576660156	26.25161361694336	120.20265197753906	26.251806259155273
Asia/Taipei	Asia/Taipei	118.18888854980469	24.115278244018555	118.2941665649414	24.207778930664062
Asia/Taipei	Asia/Taipei	119.85916900634766	25.886388778686523	120.05027770996094	26.037778854370117
Asia/Taipei	Asia/Taipei	119.38583374023438	24.92388916015625	119.53778076171875	25.055278778076172
Asia/Taipei	Asia/Taipei	119.84889221191406	26.08361053466797	120.07694244384766	26.3255558013916
Asia/Taipei	Asia/Taipei	120.15389251708984	26.280000686645508	120.28971862792969	26.40416717529297
Asia/Taipei	Asia/Taipei	120.41305541992188	26.287221908569336	120.57749938964844	26.43722152709961
Asia/Taipei	Asia/Taipei	118.13166809082031	24.294166564941406	118.54611206054688	24.54277992248535
Asia/Taipei	Asia/Taipei	116.4828872680664	20.38704490661621	117.13607025146484	20.98029899597168
Asia/Taipei	Asia/Taipei	119.09629821777344	21.5625	122.32830047607422	25.832599639892578
Asia/Tashkent	Asia/Tashkent	66.64336395263672	39.52998733520508	73.21477508544922	42.29507827758789
Asia/Tashkent	Asia/Tashkent	71.0237045288086	40.2252311706543	71.0468521118164	40.259952545166016
Asia/Tashkent	Asia/Tashkent	71.65956115722656	40.19762420654297	71.67213439941406	40.207950592041016
Asia/Tashkent	Asia/Tashkent	71.70893096923828	39.93373489379883	71.85887145996094	40.010902404785156
Asia/Tashkent	Asia/Tashkent	70.99847412109375	39.88578414916992	71.22635650634766	40.184417724609375
Asia/Tbilisi	Asia/Tbilisi	39.88447952270508	41.05512619018555	46.73653793334961	43.586429595947266
Asia/Tehran	Asia/Tehran	44.031890869140625	24.835308074951172	63.33327102661133	39.78246307373047
Asia/Tehran	Asia/Tehran	49.94524002075195	27.881803512573242	50.400299072265625	28.195104598999023
Asia/Thimphu	Asia/Thimphu	88.7462387084961	26.701465606689453	92.12522888183594	28.247419357299805
Asia/Tokyo	Asia/Tokyo	140.111572265625	29.593610763549805	140.57272338867188	29.99359130859375
Asia/Tokyo	Asia/Tokyo	139.681396484375	31.686609268188477	140.15492248535156	32.08852767944336
Asia/Tokyo	Asia/Tokyo	139.8160858154297	31.238040924072266	140.28823852539062	31.642099380493164
Asia/Tokyo	Asia/Tokyo	140.64773559570312	27.042814254760742	141.10519409179688	27.45223617553711
Asia/Tokyo	Asia/Tokyo	128.99786376953125	33.908267974853516	129.7432861328125	34.89173889160156
Asia/Tokyo	Asia/Tokyo	127.99118041992188	27.660324096679688	128.46240234375	28.085763931274414
Asia/Tokyo	Asia/Tokyo	141.06478881835938	24.545307159423828	141.5679473876953	25.012704849243164
Asia/Tokyo	Asia/Tokyo	141.23538208007812	24.025859832763672	141.69265747070312	24.445022583007812
Asia/Tokyo	Asia/Tokyo	122.71417236328125	24.23719024658203	123.2647705078125	24.674772262573242
Asia/Tokyo	Asia/Tokyo	141.05186462402344	25.219482421875	141.51426696777344	25.648155212402344
Asia/Tokyo	Asia/Tokyo	135.8536834716797	20.214580535888672	136.32241821289062	20.629106521606445
Asia/Tokyo	Asia/Tokyo	130.9915008544922	25.61292839050293	131.5542449951172	26.160749435424805
Asia/Tokyo	Asia/Tokyo	139.51651000976562	32.24311447143555	140.01873779296875	32.67335510253906
Asia/Tokyo	Asia/Tokyo	140.0543670654297	30.272836685180664	140.54722595214844	30.695589065551758
Asia/Tokyo	Asia/Tokyo	139.4364013671875	32.84562683105469	140.09803771972656	33.368648529052734
Asia/Tokyo	Asia/Tokyo	141.8676300048828	26.339948654174805	142.47689819335938	27.9412899017334
Asia/Tokyo	Asia/Tokyo	130.9611053466797	24.261409759521484	131.41510009765625	24.672121047973633
Asia/Tokyo	Asia/Tokyo	153.752197265625	24.077552795410156	154.20553588867188	24.490144729614258
Asia/Tokyo	Asia/Tokyo	123.33533477783203	23.845853805541992	125.70537567138672	25.180253982543945
Asia/Tokyo	Asia/Tokyo	126.4848403930664	25.874713897705078	130.26206970214844	28.95842170715332
Asia/Tokyo	Asia/Tokyo	139.06727600097656	41.152061462402344	145.91603088378906	45.711204528808594
Asia/Tokyo	Asia/Tokyo	128.74464416503906	28.591583251953125	131.31590270996094	30.94290542602539
Asia/Tokyo	Asia/Tokyo	127.86849975585938	31.78492546081543	128.65847778320312	32.4482421875
Asia/Tokyo	Asia/Tokyo	128.3516845703125	30.577207565307617	142.33152770996094	41.606056213378906
Asia/Tomsk	Asia/Tomsk	75.0566635131836	55.605838775634766	89.37903594970703	61.03567123413086
Asia/Ulaanbaatar	Asia/Ulaanbaatar	93.09884643554688	41.58002853393555	119.93220520019531	52.149600982666016
Asia/Urumqi	Asia/Urumqi	73.4997329711914	34.33406448364258	96.38740539550781	49.17805862426758
Asia/Ust-Nera	Asia/Ust-Nera	139.35501098632812	61.72780227661133	146.3838653564453	65.57589721679688
Asia/Vientiane	Asia/Vientiane	100.0843276977539	13.909674644470215	107.63500213623047	22.5086727142334
Asia/Vladivostok	Asia/Vladivostok	143.01971435546875	56.2008171081543	143.75657653808594	56.612728118896484
Asia/Vladivostok	Asia/Vladivostok	129.9131622314453	64.58956909179688	145.21751403808594	73.1132583618164
Asia/Vladivostok	Asia/Vladivostok	130.38674926757812	42.122711181640625	147.21678161621094	62.53174591064453
Asia/Yakutsk	Asia/Yakutsk	147.61814880371094	76.43191528320312	150.36508178710938	76.95585632324219
Asia/Yakutsk	Asia/Yakutsk	157.15481567382812	76.58220672607422	159.0142059326172	76.99606323242188
Asia/Yakutsk	Asia/Yakutsk	155.57933044433594	76.87298583984375	157.52996826171875	77.31022644042969
Asia/Yakutsk	Asia/Yakutsk	151.638671875	75.50933074951172	153.6783447265625	76.38681030273438
Asia/Yakutsk	Asia/Yakutsk	134.70455932617188	73.67961883544922	137.01942443847656	74.44097137451172
Asia/Yakutsk	Asia/Yakutsk	134.70037841796875	72.91806030273438	151.74267578125	76.49630737304688
Asia/Yakutsk	Asia/Yakutsk	115.21217346191406	74.07701110839844	116.92994689941406	74.56706237792969
Asia/Yakutsk	Asia/Yakutsk	105.50833892822266	48.85309982299805	135.65232849121094	74.89384460449219
Asia/Yangon	Asia/Yangon	93.01251220703125	13.77187442779541	93.5895767211914	14.394120216369629
Asia/Yangon	Asia/Yangon	93.34288024902344	14.582854270935059	93.85856628417969	15.136797904968262
Asia/Yangon	Asia/Yangon	92.17292022705078	9.526083946228027	101.17008209228516	28.547834396362305
Asia/Yekaterinburg	Asia/Yekaterinburg	50.76816177368164	50.49531173706055	86.00728607177734	73.72175598144531
Asia/Yekaterinburg	Asia/Yekaterinburg	71.192626953125	56.301395416259766	71.26925659179688	56.31739807128906
Asia/Yekaterinburg	Asia/Yekaterinburg	71.01885223388672	56.32010269165039	71.09192657470703	56.361732482910156
Asia/Yerevan	Asia/Yerevan	43.447139739990234	38.840476989746094	46.63330841064453	41.3016471862793
Atlantic/Azores	Atlantic/Azores	-31.55752944946289	39.14673614501953	-30.85433578491211	39.926734924316406
Atlantic/Azores	Atlantic/Azores	-29.095434188842773	38.17852783203125	-26.75980567932129	39.307533264160156
Atlantic/Azores	Atlantic/Azores	-26.096986770629883	36.72550582885742	-24.531024932861328	38.109493255615234
Atlantic/Bermuda	Atlantic/Bermuda	-65.12322235107422	32.046966552734375	-64.41098022460938	32.59136962890625
Atlantic/Canary	Atlantic/Canary	-14.735221862792969	27.83985137939453	-13.101258277893066	29.91180419921875
Atlantic/Canary	Atlantic/Canary	-16.063919067382812	27.529020309448242	-15.127389907836914	28.382308959960938
Atlantic/Canary	Atlantic/Canary	-17.577871322631836	27.79112434387207	-15.89279556274414	28.782655715942383
Atlantic/Canary	Atlantic/Canary	-18.237306594848633	28.24425506591797	-17.49177360534668	29.05966567993164
Atlantic/Canary	Atlantic/Canary	-18.39368438720703	27.433542251586914	-17.654565811157227	28.048561096191406
Atlantic/Cape_Verde	Atlantic/Cape_Verde	-25.57310676574707	14.606622695922852	-22.454774856567383	17.40711784362793
Atlantic/Faroe	Atlantic/Faroe	-8.118842124938965	61.13677215576172	-5.825497150421143	62.59584045410156
Atlantic/Madeira	Atlantic/Madeira	-17.50448226928711	32.1995964050293	-16.035545349121094	33.327239990234375
Atlantic/Madeira	Atlantic/Madeira	-16.28443145751953	29.8282470703125	-15.622942924499512	30.361356735229492
Atlantic/Reykjavik	Atlantic/Reykjavik	-19.199459075927734	66.947998046875	-18.160234451293945	67.35299682617188
Atlantic/Reykjavik	Atlantic/Reykjavik	-25.013507843017578	63.08591842651367	-12.80461597442627	66.7652587890625
Atlantic/South_Georgia	Atlantic/South_Georgia	-27.8066349029541	-59.67296600341797	-26.66497802734375	-59.20551681518555
Atlantic/South_Georgia	Atlantic/South_Georgia	-27.120328903198242	-59.26025390625	-26.053329467773438	-58.768218994140625
Atlantic/South_Georgia	Atlantic/South_Georgia	-26.8602352142334	-58.71432113647461	-25.887327194213867	-58.18196105957031
Atlantic/South_Georgia	Atlantic/South_Georgia	-26.915157318115234	-58.03017044067383	-26.010520935058594	-57.56270980834961
Atlantic/South_Georgia	Atlantic/South_Georgia	-27.21172332763672	-57.328975677490234	-26.3190975189209	-56.873741149902344
Atlantic/South_Georgia	Atlantic/South_Georgia	-27.62147331237793	-56.93122863769531	-26.76765251159668	-56.482017517089844
Atlantic/South_Georgia	Atlantic/South_Georgia	-27.966014862060547	-56.51911163330078	-27.184032440185547	-56.080013275146484
Atlantic/South_Georgia	Atlantic/South_Georgia	-28.467851638793945	-56.87548828125	-27.72689437866211	-56.467559814453125
Atlantic/South_Georgia	Atlantic/South_Georgia	-42.35710525512695	-53.83565139770508	-41.43876266479492	-53.34713363647461
Atlantic/South_Georgia	Atlantic/South_Georgia	-35.087005615234375	-55.2384033203125	-34.27750015258789	-54.813175201416016
Atlantic/South_Georgia	Atlantic/South_Georgia	-38.64839553833008	-55.126182556152344	-35.38743591308594	-53.76589584350586
Atlantic/St_Helena	Atlantic/St_Helena	-14.62269401550293	-8.192999839782715	-14.093008041381836	-7.690000057220459
Atlantic/St_Helena	Atlantic/St_Helena	-5.997342109680176	-16.229999542236328	-5.423415184020996	-15.704000473022461
Atlantic/St_Helena	Atlantic/St_Helena	-10.28071117401123	-40.56999969482422	-9.611753463745117	-40.071998596191406
Atlantic/St_Helena	Atlantic/St_Helena	-12.956969261169434	-37.632999420166016	-11.964471817016602	-36.86199951171875
Atlantic/Stanley	Atlantic/Stanley	-59.52409744262695	-53.118675231933594	-58.84601974487305	-52.69198989868164
Atlantic/Stanley	Atlantic/Stanley	-61.77267837524414	-52.649986267089844	-57.36623764038086	-50.79730224609375
Australia/Adelaide	Australia/Adelaide	129.0013885498047	-38.27417755126953	141.00277709960938	-25.99639129638672
Australia/Brisbane	Australia/Brisbane	155.62680053710938	-17.64154815673828	156.09201049804688	-17.14302635192871
Australia/Brisbane	Australia/Brisbane	153.2981414794922	-22.125566482543945	154.00018310546875	-21.454233169555664
Australia/Brisbane	Australia/Brisbane	154.1328582763672	-21.2276668548584	154.61676025390625	-20.721471786499023
Australia/Brisbane	Australia/Brisbane	155.49212646484375	-21.480730056762695	156.0123291015625	-20.897655487060547
Australia/Brisbane	Australia/Brisbane	154.9398651123047	-22.418750762939453	155.6982421875	-21.963333129882812
Australia/Brisbane	Australia/Brisbane	155.31471252441406	-23.458776473999023	155.78125	-23.04051971435547
Australia/Brisbane	Australia/Brisbane	151.41770935058594	-22.601842880249023	152.98487854003906	-20.722150802612305
Australia/Brisbane	Australia/Brisbane	151.02264404296875	-22.023609161376953	151.48095703125	-21.605579376220703
Australia/Brisbane	Australia/Brisbane	151.94833374023438	-19.50347328186035	152.6190948486328	-18.72752571105957
Australia/Brisbane	Australia/Brisbane	150.59243774414062	-17.86564064025879	152.36532592773438	-16.90311050415039
Australia/Brisbane	Australia/Brisbane	149.40829467773438	-15.929664611816406	149.8312530517578	-15.520190238952637
Australia/Brisbane	Australia/Brisbane	149.7519989013672	-16.81256103515625	150.5555877685547	-15.907397270202637
Australia/Brisbane	Australia/Brisbane	149.6946563720703	-17.175212860107422	150.22210693359375	-16.721094131469727
Australia/Brisbane	Australia/Brisbane	148.91680908203125	-17.226425170898438	149.42190551757812	-16.718563079833984
Australia/Brisbane	Australia/Brisbane	147.59317016601562	-16.750680923461914	148.30250549316406	-16.181440353393555
Australia/Brisbane	Australia/Brisbane	148.12086486816406	-18.085994720458984	148.80599975585938	-17.335582733154297
Australia/Brisbane	Australia/Brisbane	149.0997772216797	-20.09819984436035	149.9738006591797	-19.31229019165039
Australia/Brisbane	Australia/Brisbane	142.05943298339844	-9.347593307495117	142.3457489013672	-9.187955856323242
Australia/Brisbane	Australia/Brisbane	142.471923828125	-9.48677921295166	142.8518829345703	-9.322311401367188
Australia/Brisbane	Australia/Brisbane	144.07383728027344	-9.46457576751709	144.2960968017578	-9.305249214172363
Australia/Brisbane	Australia/Brisbane	141.48106384277344	-9.669568061828613	141.65664672851562	-9.44579792022705
Australia/Brisbane	Australia/Brisbane	143.78359985351562	-9.223174095153809	143.9402313232422	-9.088011741638184
Australia/Brisbane	Australia/Brisbane	142.12689208984375	-9.629831314086914	142.38973999023438	-9.484382629394531
Australia/Brisbane	Australia/Brisbane	141.36215209960938	-9.881257057189941	141.487548828125	-9.769681930541992
Australia/Brisbane	Australia/Brisbane	137.99464416503906	-29.17926597595215	153.78012084960938	-9.365189552307129
Australia/Broken_Hill	Australia/Broken_Hill	141.00091552734375	-32.304176330566406	142.000244140625	-31.556108474731445
Australia/Darwin	Australia/Darwin	129.0004425048828	-25.998619079589844	138.12818908691406	-10.70179557800293
Australia/Eucla	Australia/Eucla	125.5	-32.777278900146484	129.03173828125	-31.299997329711914
Australia/Hobart	Australia/Hobart	143.5544891357422	-44.06094741821289	148.76556396484375	-39.1984748840332
Australia/Lindeman	Australia/Lindeman	148.67642211914062	-20.567951202392578	149.3985137939453	-19.81654930114746
Australia/Lord_Howe	Australia/Lord_Howe	158.8011932373047	-31.988191604614258	159.5150146484375	-31.285709381103516
Australia/Melbourne	Australia/Melbourne	140.96189880371094	-39.198490142822266	150.2017822265625	-33.980796813964844
Australia/Perth	Australia/Perth	123.33152770996094	-14.321911811828613	123.76273345947266	-13.899687767028809
Australia/Perth	Australia/Perth	121.51041412353516	-14.413504600524902	122.26100158691406	-13.423640251159668
Australia/Perth	Australia/Perth	118.67437744140625	-17.862035751342773	119.59232330322266	-17.04317855834961
Australia/Perth	Australia/Perth	113.34701538085938	-29.194080352783203	114.27095031738281	-28.066150665283203
Australia/Perth	Australia/Perth	112.69975280761719	-35.392086029052734	129.05316162109375	-13.224248886108398
Australia/Perth	Australia/Perth	115.0	-86.0	160.0	-70.0
Australia/Sydney	Australia/Sydney	140.999267578125	-37.59557342529297	153.86630249023438	-28.072494506835938
Etc/UTC	Etc/UTC	-17.0	-86.0	-5.5	-69.0
Europe/Amsterdam	Europe/Amsterdam	3.0801610946655273	50.7503662109375	7.227499008178711	53.7443962097168
Europe/Amsterdam	Europe/Amsterdam	4.941571235656738	51.447940826416016	4.942202091217041	51.44948959350586
Europe/Amsterdam	Europe/Amsterdam	4.935373783111572	51.436180114746094	4.936802864074707	51.43754577636719
Europe/Amsterdam	Europe/Amsterdam	4.9341139793396	51.43195343017578	4.935509204864502	51.43349075317383
Europe/Amsterdam	Europe/Amsterdam	4.931251049041748	51.43443298339844	4.9327921867370605	51.43647003173828
Europe/Amsterdam	Europe/Amsterdam	4.93063497543335	51.438777923583984	4.932388782501221	51.44002914428711
Europe/Amsterdam	Europe/Amsterdam	4.930689811706543	51.436607360839844	4.931632995605469	51.43716812133789
Europe/Amsterdam	Europe/Amsterdam	4.921504020690918	51.43764877319336	4.9251179695129395	51.441856384277344
Europe/Amsterdam	Europe/Amsterdam	4.869234085083008	51.41115951538086	4.873106956481934	51.412925720214844
Europe/Andorra	Europe/Andorra	1.4077999591827393	42.42882537841797	1.7868659496307373	42.65593719482422
Europe/Astrakhan	Europe/Astrakhan	46.44404602050781	45.42992401123047	46.88462829589844	45.552635192871094
Europe/Astrakhan	Europe/Astrakhan	44.96097946166992	45.008270263671875	49.88611602783203	48.86356735229492
Europe/Athens	Europe/Athens	26.031442642211914	36.200782775878906	26.862606048583984	36.725765228271484
Europe/Athens	Europe/Athens	25.627355575561523	36.18532180786133	25.99690055847168	36.48537063598633
Europe/Athens	Europe/Athens	25.0958194732666	36.140281677246094	25.587711334228516	36.56242370605469
Europe/Athens	Europe/Athens	26.121898651123047	35.77275466918945	26.33832359313965	35.94668960571289
Europe/Athens	Europe/Athens	26.290496826171875	35.73977279663086	26.61014175415039	36.16387176513672
Europe/Athens	Europe/Athens	26.713573455810547	35.792076110839844	26.936824798583984	35.99170684814453
Europe/Athens	Europe/Athens	26.722110748291016	35.257972717285156	27.342426300048828	35.98695755004883
Europe/Athens	Europe/Athens	23.888898849487305	34.71888732910156	24.232624053955078	35.021968841552734
Europe/Athens	Europe/Athens	25.47371482849121	35.518310546875	25.677080154418945	35.681884765625
Europe/Athens	Europe/Athens	23.37263298034668	34.78328323364258	26.452611923217773	35.77680587768555
Europe/Athens	Europe/Athens	23.105440139770508	35.741416931152344	23.4293155670166	36.058345794677734
Europe/Athens	Europe/Athens	23.773744583129883	36.75657272338867	23.998231887817383	36.927581787109375
Europe/Athens	Europe/Athens	23.500484466552734	36.689666748046875	23.703372955322266	36.8510627746582
Europe/Athens	Europe/Athens	23.350370407104492	36.82655715942383	23.569076538085938	37.01221466064453
Europe/Athens	Europe/Athens	25.188865661621094	38.08146286010742	25.400033950805664	38.24747848510742
Europe/Athens	Europe/Athens	25.391307830810547	38.44142150878906	25.72320556640625	38.688255310058594
Europe/Athens	Europe/Athens	24.242115020751953	38.669063568115234	24.785987854003906	39.099205017089844
Europe/Athens	Europe/Athens	24.870853424072266	39.38493347167969	25.162996292114258	39.6431884765625
Europe/Athens	Europe/Athens	24.93335723876953	39.70494842529297	25.54704475402832	40.112422943115234
Europe/Athens	Europe/Athens	25.343568801879883	40.31614685058594	25.797977447509766	40.586143493652344
Europe/Athens	Europe/Athens	20.747474670410156	37.03904342651367	21.272886276245117	37.46270751953125
Europe/Athens	Europe/Athens	29.38646697998047	36.02615737915039	29.683809280395508	36.183868408203125
Europe/Athens	Europe/Athens	26.825542449951172	37.19544982910156	27.201385498046875	37.566314697265625
Europe/Athens	Europe/Athens	25.87398910522461	35.795555114746094	28.347448348999023	37.89216232299805
Europe/Athens	Europe/Athens	25.73099136352539	38.0462532043457	26.3435001373291	38.6839714050293
Europe/Athens	Europe/Athens	25.720239639282227	38.88391876220703	26.708770751953125	39.43669128417969
Europe/Athens	Europe/Athens	27.64528465270996	36.433448791503906	27.957809448242188	36.704891204833984
Europe/Athens	Europe/Athens	19.112754821777344	36.010154724121094	26.635574340820312	41.7488899230957
Europe/Belgrade	Europe/Belgrade	18.81499481201172	41.85763931274414	23.006309509277344	46.190284729003906
Europe/Berlin	Europe/Berlin	5.866314888000488	47.270111083984375	15.04193115234375	55.099159240722656
Europe/Berlin	Europe/Berlin	7.408664226531982	54.006805419921875	7.549832820892334	54.137847900390625
Europe/Berlin	Europe/Berlin	6.246193885803223	50.596824645996094	6.248510837554932	50.598228454589844
Europe/Berlin	Europe/Berlin	6.166035175323486	50.64794158935547	6.196162223815918	50.66435241699219
Europe/Berlin	Europe/Berlin	6.187163829803467	50.52085494995117	6.2067952156066895	50.53106689453125
Europe/Berlin	Europe/Berlin	6.166688919067383	50.62379455566406	6.27381706237793	50.64897537231445
Europe/Berlin	Europe/Berlin	6.174067974090576	50.536102294921875	6.240573883056641	50.5904655456543
Europe/Bratislava	Europe/Bratislava	16.833189010620117	47.731178283691406	22.565710067749023	49.61381530761719
Europe/Brussels	Europe/Brussels	2.388914108276367	49.49698257446289	6.408096790313721	51.55078125
Europe/Brussels	Europe/Brussels	4.933082103729248	51.44516372680664	4.952757835388184	51.453712463378906
Europe/Brussels	Europe/Brussels	4.943903923034668	51.44365310668945	4.94987678527832	51.445735931396484
Europe/Brussels	Europe/Brussels	4.948754787445068	51.453765869140625	4.949790954589844	51.45511245727539
Europe/Brussels	Europe/Brussels	4.94266414642334	51.45268249511719	4.944929122924805	51.453514099121094
Europe/Brussels	Europe/Brussels	4.940760135650635	51.437950134277344	4.943117141723633	51.440162658691406
Europe/Brussels	Europe/Brussels	4.915011882781982	51.429466247558594	4.940377235412598	51.4473762512207
Europe/Brussels	Europe/Brussels	4.940981864929199	51.444881439208984	4.942316055297852	51.44554901123047
Europe/Brussels	Europe/Brussels	4.940621852874756	51.455238342285156	4.942094802856445	51.455631256103516
Europe/Brussels	Europe/Brussels	4.939761161804199	51.439491271972656	4.941527843475342	51.43998718261719
Europe/Brussels	Europe/Brussels	4.939215183258057	51.441802978515625	4.940281867980957	51.443756103515625
Europe/Brussels	Europe/Brussels	4.9272661209106445	51.405113220214844	4.936395168304443	51.4093017578125
Europe/Brussels	Europe/Brussels	4.931511878967285	51.446659088134766	4.9340739250183105	51.448280334472656
Europe/Brussels	Europe/Brussels	4.92949104309082	51.44872283935547	4.931812763214111	51.45042419433594
Europe/Brussels	Europe/Brussels	4.927350997924805	51.44782638549805	4.929125785827637	51.448936462402344
Europe/Brussels	Europe/Brussels	4.9241719245910645	51.444908142089844	4.926927089691162	51.446651458740234
Europe/Brussels	Europe/Brussels	4.918147087097168	51.44343185424805	4.918878078460693	51.4441032409668
Europe/Brussels	Europe/Brussels	4.88858699798584	51.42322540283203	4.892306804656982	51.4252815246582
Europe/Brussels	Europe/Brussels	4.8733930587768555	51.415462493896484	4.875317096710205	51.416507720947266
Europe/Brussels	Europe/Brussels	4.865779876708984	51.41318130493164	4.867818832397461	51.41438674926758
Europe/Brussels	Europe/Brussels	4.838749885559082	51.41745376586914	4.841366767883301	51.418861389160156
Europe/Brussels	Europe/Brussels	4.835744857788086	51.44804763793945	4.836664199829102	51.44879150390625
Europe/Bucharest	Europe/Bucharest	20.261995315551758	43.618812561035156	30.045425415039062	48.265472412109375
Europe/Budapest	Europe/Budapest	16.113887786865234	45.73712921142578	22.89650535583496	48.58525848388672
Europe/Busingen	Europe/Busingen	8.658591270446777	47.684852600097656	8.717872619628906	47.7151985168457
Europe/Chisinau	Europe/Chisinau	26.616405487060547	45.46718978881836	30.163713455200195	48.4920539855957
Europe/Copenhagen	Europe/Copenhagen	14.333426475524902	54.783695220947266	15.553064346313477	55.53337478637695
Europe/Copenhagen	Europe/Copenhagen	7.715325832366943	54.45166778564453	12.905830383300781	57.952430725097656
Europe/Dublin	Europe/Dublin	-11.013379096984863	51.22200012207031	-5.658236026763916	55.63600158691406
Europe/Gibraltar	Europe/Gibraltar	-5.396789073944092	36.058753967285156	-5.276660919189453	36.155025482177734
Europe/Guernsey	Europe/Guernsey	-3.020901918411255	49.21987533569336	-2.0502769947052	49.94029998779297
Europe/Helsinki	Europe/Helsinki	20.16356658935547	59.472652435302734	31.586706161499023	70.09229278564453
Europe/Isle_of_Man	Europe/Isle_of_Man	-5.1707282066345215	53.845001220703125	-3.9654059410095215	54.553428649902344
Europe/Istanbul	Europe/Istanbul	38.10533142089844	36.87902069091797	38.105892181396484	36.879852294921875
Europe/Istanbul	Europe/Istanbul	25.565631866455078	35.8058967590332	44.817665100097656	42.297000885009766
Europe/Jersey	Europe/Jersey	-2.5605480670928955	48.8712043762207	-1.8346999883651733	49.45960998535156
Europe/Kaliningrad	Europe/Kaliningrad	19.404172897338867	54.318214416503906	22.88670539855957	55.38421630859375
Europe/Kyiv	Europe/Kyiv	22.13705825805664	45.053199768066406	40.22780990600586	52.37974548339844
Europe/Kirov	Europe/Kirov	51.976898193359375	60.62428665161133	52.00178527832031	60.63978958129883
Europe/Kirov	Europe/Kirov	52.01457595825195	60.716026306152344	52.06044006347656	60.73778533935547
Europe/Kirov	Europe/Kirov	46.2637825012207	56.060760498046875	53.92994689941406	61.0673942565918
Europe/Kirov	Europe/Kirov	48.598304748535156	60.01404571533203	48.626991271972656	60.024478912353516
Europe/Kirov	Europe/Kirov	52.3585319519043	60.78879928588867	52.37992477416992	60.80678939819336
Europe/Lisbon	Europe/Lisbon	-9.834750175476074	36.712501525878906	-6.189158916473389	42.15431213378906
Europe/Ljubljana	Europe/Ljubljana	13.375470161437988	45.42146682739258	16.59670066833496	46.87668228149414
Europe/London	Europe/London	-14.015517234802246	57.421329498291016	-13.360967636108398	57.7730827331543
Europe/London	Europe/London	-6.560026168823242	58.88800048828125	-5.419671058654785	59.334999084472656
Europe/London	Europe/London	-4.8966569900512695	58.823001861572266	-4.010715961456299	59.28900146484375
Europe/London	Europe/London	-9.023425102233887	57.59299850463867	-8.102132797241211	58.08300018310547
Europe/London	Europe/London	-8.177510261535645	49.67399978637695	2.091912031173706	61.06100082397461
Europe/Luxembourg	Europe/Luxembourg	5.73569917678833	49.44786071777344	6.531248092651367	50.18280029296875
Europe/Madrid	Europe/Madrid	-9.575453758239746	35.93567657470703	3.6051220893859863	43.993309020996094
Europe/Madrid	Europe/Madrid	1.9565600156784058	42.44673538208008	2.0143890380859375	42.49502182006836
Europe/Madrid	Europe/Madrid	0.4065290093421936	39.650150299072266	0.9501670002937317	40.100830078125
Europe/Madrid	Europe/Madrid	-3.2836060523986816	35.73726272583008	-2.7842180728912354	36.14226150512695
Europe/Madrid	Europe/Madrid	0.898065984249115	38.43687438964844	1.9129029512405396	39.3206787109375
Europe/Madrid	Europe/Madrid	2.0402491092681885	38.92272186279297	4.591888904571533	40.29506301879883
Europe/Malta	Europe/Malta	13.936044692993164	35.58536911010742	14.822786331176758	36.28254699707031
Europe/Mariehamn	Europe/Mariehamn	19.083200454711914	59.454158782958984	21.345645904541016	60.876651763916016
Europe/Minsk	Europe/Minsk	23.17833137512207	51.26268768310547	32.762779235839844	56.172245025634766
Europe/Monaco	Europe/Monaco	7.409028053283691	43.516536712646484	7.532991886138916	43.75191879272461
Europe/Moscow	Europe/Moscow	26.440000534057617	41.185096740722656	69.95722198486328	77.24278259277344
Europe/Moscow	Europe/Moscow	31.532562255859375	52.463523864746094	31.581207275390625	52.48603820800781
Europe/Moscow	Europe/Moscow	35.420310974121094	79.9331283569336	37.97689437866211	80.3678970336914
Europe/Moscow	Europe/Moscow	43.68337631225586	79.57131958007812	66.64463806152344	82.05862426757812
Europe/Moscow	Europe/Moscow	47.65489959716797	68.45646667480469	50.871334075927734	69.70162200927734
Europe/Moscow	Europe/Moscow	53.062705993652344	56.18813705444336	53.07953643798828	56.1986198425293
Europe/Moscow	Europe/Moscow	53.08241653442383	56.19108963012695	53.09680938720703	56.20821762084961
Europe/Moscow	Europe/Moscow	47.00627136230469	46.05297088623047	47.132728576660156	46.11444091796875
Europe/Moscow	Europe/Moscow	46.937644958496094	45.71903610229492	46.984588623046875	45.780853271484375
Europe/Moscow	Europe/Moscow	52.198177337646484	56.04496383666992	52.230125427246094	56.073612213134766
Europe/Oslo	Europe/Oslo	4.087526798248291	57.75900650024414	31.761592864990234	71.38488006591797
Europe/Oslo	Europe/Oslo	-9.684627532958984	70.62614440917969	-7.312688827514648	71.35981750488281
Europe/Paris	Europe/Paris	8.264911651611328	41.26111602783203	9.82822322845459	43.227745056152344
Europe/Paris	Europe/Paris	-5.451773166656494	42.33275604248047	8.23257827758789	51.305572509765625
Europe/Paris	Europe/Paris	7.500245094299316	42.94537353515625	7.755898952484131	43.53683090209961
Europe/Podgorica	Europe/Podgorica	18.419578552246094	41.68498611450195	20.352928161621094	43.55850601196289
Europe/Prague	Europe/Prague	12.090575218200684	48.55180740356445	18.8592529296875	51.055702209472656
Europe/Riga	Europe/Riga	20.600984573364258	55.674652099609375	28.241493225097656	58.085567474365234
Europe/Rome	Europe/Rome	12.895894050598145	38.48766326904297	13.458884239196777	38.92279052734375
Europe/Rome	Europe/Rome	11.673080444335938	36.53208541870117	12.306571960449219	37.03903579711914
Europe/Rome	Europe/Rome	12.07196044921875	35.288963317871094	13.128222465515137	36.07750701904297
Europe/Rome	Europe/Rome	8.95854377746582	45.96162796020508	8.979360580444336	45.98414993286133
Europe/Rome	Europe/Rome	7.866611003875732	38.65569305419922	10.095159530639648	41.43366241455078
Europe/Rome	Europe/Rome	6.627265930175781	36.43967056274414	18.784475326538086	47.09214782714844
Europe/Samara	Europe/Samara	52.223052978515625	53.32803726196289	52.314308166503906	53.401145935058594
Europe/Samara	Europe/Samara	47.930442810058594	51.77303695678711	52.568275451660156	54.677162170410156
Europe/Samara	Europe/Samara	53.84266662597656	56.59989547729492	54.095680236816406	56.67443084716797
Europe/Samara	Europe/Samara	51.12416458129883	55.85057830810547	54.43613052368164	58.545841217041016
Europe/San_Marino	Europe/San_Marino	12.402433395385742	43.89363098144531	12.516959190368652	43.992042541503906
Europe/Sarajevo	Europe/Sarajevo	15.728681564331055	42.5553092956543	19.62373161315918	45.27641296386719
Europe/Sarajevo	Europe/Sarajevo	19.395132064819336	43.53982162475586	19.42898941040039	43.56837463378906
Europe/Saratov	Europe/Saratov	42.5040397644043	49.801212310791016	50.83258056640625	52.81937026977539
Europe/Simferopol	Europe/Simferopol	32.20158004760742	44.18459701538086	36.68156814575195	46.22957992553711
Europe/Skopje	Europe/Skopje	20.45290184020996	40.85247802734375	23.0340518951416	42.373905181884766
Europe/Sofia	Europe/Sofia	22.357145309448242	41.23536682128906	28.887540817260742	44.216224670410156
Europe/Stockholm	Europe/Stockholm	17.58745574951172	56.70121765136719	19.726165771484375	58.5977783203125
Europe/Stockholm	Europe/Stockholm	10.59350299835205	55.1370964050293	24.177684783935547	69.05997467041016
Europe/Tallinn	Europe/Tallinn	21.382606506347656	57.509334564208984	28.210018157958984	59.938331604003906
Europe/Tirane	Europe/Tirane	19.000986099243164	39.6403923034668	21.05743408203125	42.66108322143555
Europe/Ulyanovsk	Europe/Ulyanovsk	47.82905960083008	52.60899353027344	47.84722137451172	52.622962951660156
Europe/Ulyanovsk	Europe/Ulyanovsk	45.79671859741211	52.53266906738281	50.24344253540039	54.89144515991211
Europe/Vaduz	Europe/Vaduz	9.471566200256348	47.04842758178711	9.635713577270508	47.27058029174805
Europe/Vatican	Europe/Vatican	12.445788383483887	41.900203704833984	12.458365440368652	41.90738296508789
Europe/Vienna	Europe/Vienna	9.530749320983887	46.37229919433594	17.1607723236084	49.02052688598633
Europe/Vienna	Europe/Vienna	10.428998947143555	47.554656982421875	10.482007026672363	47.58713150024414
Europe/Vilnius	Europe/Vilnius	20.655717849731445	53.89678955078125	26.835519790649414	56.45042037963867
Europe/Volgograd	Europe/Volgograd	41.16810607910156	47.44373321533203	47.43170166015625	51.24760818481445
Europe/Warsaw	Europe/Warsaw	14.069639205932617	49.00204849243164	24.145782470703125	55.036048889160156
Europe/Zagreb	Europe/Zagreb	15.301458358764648	45.68896484375	15.306468963623047	45.691261291503906
Europe/Zagreb	Europe/Zagreb	15.300207138061523	45.69211959838867	15.305522918701172	45.69651412963867
Europe/Zagreb	Europe/Zagreb	13.210480690002441	42.176597595214844	19.4472713470459	46.555023193359375
Europe/Zurich	Europe/Zurich	5.955902099609375	45.81795883178711	10.492294311523438	47.80845260620117
Indian/Antananarivo	Indian/Antananarivo	42.9680061340332	-25.784021377563477	50.6727294921875	-11.732889175415039
Indian/Chagos	Indian/Chagos	71.6828384399414	-5.513669013977051	72.02510833740234	-5.185707092285156
Indian/Chagos	Indian/Chagos	72.14945220947266	-5.416114807128906	72.32728576660156	-5.249388217926025
Indian/Chagos	Indian/Chagos	72.25780487060547	-5.734195232391357	72.37297058105469	-5.629921913146973
Indian/Chagos	Indian/Chagos	71.45179748535156	-6.224738121032715	71.59502410888672	-6.08526086807251
Indian/Chagos	Indian/Chagos	71.24215698242188	-6.28829288482666	71.39608764648438	-6.123966217041016
Indian/Chagos	Indian/Chagos	71.18728637695312	-6.446919918060303	71.29210662841797	-6.3277459144592285
Indian/Chagos	Indian/Chagos	71.26201629638672	-6.74490213394165	71.44513702392578	-6.590085983276367
Indian/Chagos	Indian/Chagos	72.30349731445312	-7.494109153747559	72.54501342773438	-7.175261974334717
Indian/Christmas	Indian/Christmas	105.33014678955078	-10.771407127380371	105.91580200195312	-10.211475372314453
Indian/Cocos	Indian/Cocos	96.61157989501953	-12.411883354187012	97.13496398925781	-11.621236801147461
Indian/Comoro	Indian/Comoro	42.82621765136719	-12.985437393188477	44.973060607910156	-11.162440299987793
Indian/Kerguelen	Indian/Kerguelen	51.35218811035156	-46.679901123046875	52.617431640625	-46.141357421875
Indian/Kerguelen	Indian/Kerguelen	49.878265380859375	-46.629295349121094	50.74151611328125	-45.73737716674805
Indian/Kerguelen	Indian/Kerguelen	67.8140640258789	-50.15666198730469	68.43306732177734	-49.758426666259766
Indian/Kerguelen	Indian/Kerguelen	68.11408233642578	-50.21871566772461	70.86229705810547	-48.25179672241211
Indian/Kerguelen	Indian/Kerguelen	77.24896240234375	-38.93918991088867	77.8036880493164	-38.50215530395508
Indian/Kerguelen	Indian/Kerguelen	77.26040649414062	-38.08068084716797	77.84949493408203	-37.59231185913086
Indian/Mahe	Indian/Mahe	50.51884841918945	-10.464925765991211	51.39661407470703	-9.003194808959961
Indian/Mahe	Indian/Mahe	55.00168228149414	-3.927000045776367	55.4110221862793	-3.51200008392334
Indian/Mahe	Indian/Mahe	55.00535583496094	-5.007833003997803	56.1534309387207	-3.5975799560546875
Indian/Mahe	Indian/Mahe	52.630889892578125	-6.439101219177246	53.89812469482422	-4.671559810638428
Indian/Mahe	Indian/Mahe	45.99887466430664	-9.956668853759766	46.72980880737305	-9.163422584533691
Indian/Mahe	Indian/Mahe	52.51861572265625	-7.371798038482666	52.97934341430664	-6.793231010437012
Indian/Mahe	Indian/Mahe	56.03511047363281	-7.399919033050537	56.49794006347656	-6.892367839813232
Indian/Mahe	Indian/Mahe	47.30070114135742	-10.305842399597168	47.963958740234375	-9.455636024475098
Indian/Mahe	Indian/Mahe	55.148216247558594	-6.080092906951904	55.5921630859375	-5.6121039390563965
Indian/Maldives	Indian/Maldives	72.35541534423828	-0.907492995262146	73.9700927734375	7.310625076293945
Indian/Mauritius	Indian/Mauritius	59.260765075683594	-17.03572654724121	59.92702102661133	-16.03464126586914
Indian/Mauritius	Indian/Mauritius	56.38161087036133	-10.694500923156738	56.90852355957031	-10.135244369506836
Indian/Mauritius	Indian/Mauritius	63.07693099975586	-20.035717010498047	63.71581268310547	-19.452056884765625
Indian/Mauritius	Indian/Mauritius	57.088932037353516	-20.72860336303711	58.03773498535156	-19.615110397338867
Indian/Mayotte	Indian/Mayotte	44.74366760253906	-13.273255348205566	45.50703430175781	-12.379027366638184
Indian/Reunion	Indian/Reunion	55.00328063964844	-21.59044647216797	56.0507926940918	-20.67276382446289
Pacific/Apia	Pacific/Apia	-173.00918579101562	-14.277091979980469	-171.1929168701172	-13.238188743591309
Pacific/Auckland	Pacific/Auckland	-179.0591583251953	-31.55678939819336	-178.5888671875	-31.152578353881836
Pacific/Auckland	Pacific/Auckland	-178.8022003173828	-30.74539566040039	-178.18023681640625	-30.02426528930664
Pacific/Auckland	Pacific/Auckland	-178.21084594726562	-29.499441146850586	-177.62399291992188	-29.030330657958984
Pacific/Auckland	Pacific/Auckland	171.7886505126953	-34.39020538330078	172.4103546142578	-33.92939376831055
Pacific/Auckland	Pacific/Auckland	166.1920623779297	-48.265533447265625	166.92831420898438	-47.80865478515625
Pacific/Auckland	Pacific/Auckland	168.65567016601562	-52.82136917114258	169.59622192382812	-52.266944885253906
Pacific/Auckland	Pacific/Auckland	165.55337524414062	-51.128929138183594	166.6768341064453	-50.28518295288086
Pacific/Auckland	Pacific/Auckland	178.7067413330078	-47.968265533447266	179.36436462402344	-47.54581069946289
Pacific/Auckland	Pacific/Auckland	178.40768432617188	-49.919307708740234	179.13160705566406	-49.437713623046875
Pacific/Auckland	Pacific/Auckland	166.1385955810547	-47.72404479980469	178.8362579345703	-34.19354248046875
Pacific/Bougainville	Pacific/Bougainville	156.7148895263672	-4.998658180236816	157.2392120361328	-4.492317199707031
Pacific/Bougainville	Pacific/Bougainville	159.11233520507812	-4.807511806488037	159.69349670410156	-4.23668098449707
Pacific/Bougainville	Pacific/Bougainville	154.0	-7.097516059875488	156.17381286621094	-2.9059090614318848
Pacific/Chatham	Pacific/Chatham	-177.24468994140625	-44.63499450683594	-175.5414276123047	-43.3108024597168
Pacific/Chuuk	Pacific/Chuuk	147.44284057617188	7.9003190994262695	147.85072326660156	8.309499740600586
Pacific/Chuuk	Pacific/Chuuk	146.48886108398438	7.859631061553955	146.9539031982422	8.295269012451172
Pacific/Chuuk	Pacific/Chuuk	146.82232666015625	7.172161102294922	147.24278259277344	7.5884809494018555
Pacific/Chuuk	Pacific/Chuuk	145.1762237548828	9.022431373596191	145.58949279785156	9.435028076171875
Pacific/Chuuk	Pacific/Chuuk	144.29261779785156	8.374488830566406	144.72988891601562	8.811197280883789
Pacific/Chuuk	Pacific/Chuuk	144.23143005371094	7.037460803985596	144.66551208496094	7.463078022003174
Pacific/Chuuk	Pacific/Chuuk	143.61785888671875	7.122285842895508	144.11822509765625	7.584917068481445
Pacific/Chuuk	Pacific/Chuuk	142.78668212890625	6.476780891418457	143.2861328125	6.907914161682129
Pacific/Chuuk	Pacific/Chuuk	140.1181182861328	7.910143852233887	140.62164306640625	8.360544204711914
Pacific/Chuuk	Pacific/Chuuk	140.3053741455078	9.552213668823242	140.73300170898438	9.973099708557129
Pacific/Chuuk	Pacific/Chuuk	139.3605194091797	9.573589324951172	140.11578369140625	10.293331146240234
Pacific/Chuuk	Pacific/Chuuk	137.1344451904297	8.091397285461426	137.7925262451172	8.805646896362305
Pacific/Chuuk	Pacific/Chuuk	145.6453399658203	7.199447154998779	146.58523559570312	7.909306049346924
Pacific/Chuuk	Pacific/Chuuk	137.83050537109375	9.218838691711426	138.41445922851562	9.86079216003418
Pacific/Chuuk	Pacific/Chuuk	151.13108825683594	8.226839065551758	152.54791259765625	8.988078117370605
Pacific/Chuuk	Pacific/Chuuk	149.09396362304688	6.471219062805176	149.5098114013672	6.90334415435791
Pacific/Chuuk	Pacific/Chuuk	148.9656982421875	7.144146919250488	149.637939453125	7.847039222717285
Pacific/Chuuk	Pacific/Chuuk	149.4774627685547	8.366707801818848	149.90643310546875	8.8077392578125
Pacific/Chuuk	Pacific/Chuuk	149.86154174804688	8.363760948181152	150.62802124023438	9.188982963562012
Pacific/Chuuk	Pacific/Chuuk	151.23362731933594	6.785139083862305	152.2332763671875	7.885797023773193
Pacific/Chuuk	Pacific/Chuuk	152.3687744140625	6.630022048950195	152.94766235351562	7.201541900634766
Pacific/Chuuk	Pacific/Chuuk	152.9104461669922	5.691225051879883	153.3566131591797	6.132041931152344
Pacific/Chuuk	Pacific/Chuuk	153.25328063964844	5.08091402053833	154.02401733398438	5.829185962677002
Pacific/Easter	Pacific/Easter	-105.58860778808594	-26.675506591796875	-105.13619995117188	-26.268949508666992
Pacific/Easter	Pacific/Easter	-109.67958068847656	-27.402000427246094	-109.00299072265625	-26.854999542236328
Pacific/Efate	Pacific/Efate	166.3355255126953	-20.46274185180664	170.44998168945312	-12.871377944946289
Pacific/Fakaofo	Pacific/Fakaofo	-172.72377014160156	-8.787986755371094	-172.2612762451172	-8.330487251281738
Pacific/Fakaofo	Pacific/Fakaofo	-172.07313537597656	-9.433960914611816	-171.56192016601562	-8.900460243225098
Pacific/Fakaofo	Pacific/Fakaofo	-171.4747772216797	-9.646102905273438	-170.97767639160156	-9.122570991516113
Pacific/Fiji	Pacific/Fiji	174.42149353027344	-21.94342613220215	174.85850524902344	-21.532947540283203
Pacific/Fiji	Pacific/Fiji	176.72958374023438	-12.732467651367188	177.35157775878906	-12.26138687133789
Pacific/Fiji	Pacific/Fiji	-180.0	-21.22865104675293	-178.0034942626953	-15.507781982421875
Pacific/Fiji	Pacific/Fiji	176.67007446289062	-19.800519943237305	180.0	-15.508868217468262
Pacific/Funafuti	Pacific/Funafuti	-180.0	-9.585161209106445	-179.92575073242188	-9.228170394897461
Pacific/Funafuti	Pacific/Funafuti	179.26416015625	-10.993939399719238	179.68238830566406	-10.584866523742676
Pacific/Funafuti	Pacific/Funafuti	178.10215759277344	-9.637411117553711	180.0	-7.725618839263916
Pacific/Funafuti	Pacific/Funafuti	177.1290283203125	-6.316389083862305	177.55503845214844	-5.90054988861084
Pacific/Funafuti	Pacific/Funafuti	176.11135864257812	-6.504178047180176	176.5283660888672	-6.068996906280518
Pacific/Funafuti	Pacific/Funafuti	175.8531951904297	-5.910027980804443	176.3452606201172	-5.4369611740112305
Pacific/Funafuti	Pacific/Funafuti	176.9365997314453	-7.457414150238037	177.36911010742188	-6.984281063079834
Pacific/Funafuti	Pacific/Funafuti	178.4603271484375	-7.701239109039307	178.90078735351562	-7.255438804626465
Pacific/Galapagos	Pacific/Galapagos	-92.20723724365234	-1.612231969833374	-89.03824615478516	1.8835959434509277
Pacific/Gambier	Pacific/Gambier	-137.35874938964844	-23.38393783569336	-136.90365600585938	-22.930683135986328
Pacific/Gambier	Pacific/Gambier	-136.41378784179688	-22.238300323486328	-135.96615600585938	-21.790380477905273
Pacific/Gambier	Pacific/Gambier	-135.85226440429688	-21.77375602722168	-135.24600219726562	-21.274396896362305
Pacific/Gambier	Pacific/Gambier	-135.32821655273438	-23.57562255859375	-134.2447967529297	-22.80199432373047
Pacific/Gambier	Pacific/Gambier	-136.96630859375	-21.70022201538086	-136.16041564941406	-21.09316635131836
Pacific/Guadalcanal	Pacific/Guadalcanal	162.66343688964844	-8.628095626831055	163.15248107910156	-8.173616409301758
Pacific/Guadalcanal	Pacific/Guadalcanal	159.09800720214844	-6.476631164550781	159.5941162109375	-5.959889888763428
Pacific/Guadalcanal	Pacific/Guadalcanal	169.98255920410156	-12.114591598510742	170.39646911621094	-11.703850746154785
Pacific/Guadalcanal	Pacific/Guadalcanal	168.6070556640625	-12.508678436279297	169.0506591796875	-12.082315444946289
Pacific/Guadalcanal	Pacific/Guadalcanal	169.6446075439453	-11.814781188964844	170.05621337890625	-11.406307220458984
Pacific/Guadalcanal	Pacific/Guadalcanal	166.858154296875	-10.130727767944336	167.44923400878906	-9.555144309997559
Pacific/Guadalcanal	Pacific/Guadalcanal	165.4918975830078	-11.951589584350586	167.2315216064453	-9.831335067749023
Pacific/Guadalcanal	Pacific/Guadalcanal	159.54537963867188	-13.242429733276367	160.85560607910156	-11.067794799804688
Pacific/Guadalcanal	Pacific/Guadalcanal	155.31906127929688	-11.103972434997559	162.67762756347656	-6.3775458335876465
Pacific/Guadalcanal	Pacific/Guadalcanal	158.98086547851562	-5.727704048156738	159.91656494140625	-4.812790870666504
Pacific/Guam	Pacific/Guam	144.4129180908203	13.033060073852539	145.16354370117188	13.85714054107666
Pacific/Honolulu	Pacific/Honolulu	-169.77053833007812	16.505630493164062	-169.2522735595703	16.9906005859375
Pacific/Honolulu	Pacific/Honolulu	-156.2746124267578	18.709171295166016	-154.59429931640625	20.469343185424805
Pacific/Honolulu	Pacific/Honolulu	-158.4969024658203	20.300064086914062	-155.76177978515625	21.914226531982422
Pacific/Honolulu	Pacific/Honolulu	-162.1456756591797	22.85504913330078	-161.69717407226562	23.265405654907227
Pacific/Honolulu	Pacific/Honolulu	-164.9239044189453	23.373437881469727	-164.47605895996094	23.77972412109375
Pacific/Honolulu	Pacific/Honolulu	-166.5444793701172	23.42546844482422	-165.836181640625	24.076932907104492
Pacific/Honolulu	Pacific/Honolulu	-168.22068786621094	24.796894073486328	-167.7781982421875	25.20093536376953
Pacific/Honolulu	Pacific/Honolulu	-170.85067749023438	25.30536651611328	-170.40760803222656	25.70760154724121
Pacific/Honolulu	Pacific/Honolulu	-171.9674835205078	25.55531883239746	-171.49493408203125	25.986661911010742
Pacific/Honolulu	Pacific/Honolulu	-174.23236083984375	25.84115982055664	-173.738037109375	26.272253036499023
Pacific/Honolulu	Pacific/Honolulu	-176.21661376953125	27.554317474365234	-175.49839782714844	28.163063049316406
Pacific/Honolulu	Pacific/Honolulu	-160.7601318359375	21.44826316833496	-159.076416015625	22.435848236083984
Pacific/Kanton	Pacific/Kanton	-174.7433624267578	-4.895999908447266	-174.29119873046875	-4.454999923706055
Pacific/Kanton	Pacific/Kanton	-174.3264923095703	-3.7990000247955322	-173.91868591308594	-3.3919999599456787
Pacific/Kanton	Pacific/Kanton	-172.4260711669922	-4.742000102996826	-171.9324188232422	-4.2870001792907715
Pacific/Kanton	Pacific/Kanton	-171.46359252929688	-4.668000221252441	-171.02476501464844	-4.238999843597412
Pacific/Kanton	Pacific/Kanton	-170.91847229003906	-3.9260001182556152	-170.50746154785156	-3.5169999599456787
Pacific/Kanton	Pacific/Kanton	-171.72142028808594	-3.7899999618530273	-171.31332397460938	-3.38100004196167
Pacific/Kanton	Pacific/Kanton	-171.29222106933594	-3.3469998836517334	-170.87489318847656	-2.9040000438690186
Pacific/Kanton	Pacific/Kanton	-171.9235076904297	-3.069999933242798	-171.4147186279297	-2.565000057220459
Pacific/Kiritimati	Pacific/Kiritimati	-157.76136779785156	1.4930000305175781	-156.96273803710938	2.249000072479248
Pacific/Kiritimati	Pacific/Kiritimati	-159.5949249267578	3.6059999465942383	-159.0400848388672	4.139999866485596
Pacific/Kiritimati	Pacific/Kiritimati	-160.6099853515625	4.46999979019165	-160.14903259277344	4.900000095367432
Pacific/Kiritimati	Pacific/Kiritimati	-152.52029418945312	-10.267541885375977	-152.1063995361328	-9.85629653930664
Pacific/Kiritimati	Pacific/Kiritimati	-152.03073120117188	-11.645999908447266	-151.60618591308594	-11.21399974822998
Pacific/Kiritimati	Pacific/Kiritimati	-150.43763732910156	-10.210000038146973	-149.99253845214844	-9.704000473022461
Pacific/Kiritimati	Pacific/Kiritimati	-156.13551330566406	-5.86299991607666	-155.63710021972656	-5.421000003814697
Pacific/Kiritimati	Pacific/Kiritimati	-155.17112731933594	-4.251999855041504	-154.69058227539062	-3.7869999408721924
Pacific/Kosrae	Pacific/Kosrae	162.69720458984375	5.0573530197143555	163.23745727539062	5.575953006744385
Pacific/Kwajalein	Pacific/Kwajalein	166.31378173828125	8.404454231262207	168.135986328125	10.241691589355469
Pacific/Majuro	Pacific/Majuro	168.7819061279297	5.674276828765869	172.37400817871094	11.543340682983398
Pacific/Majuro	Pacific/Majuro	164.98931884765625	4.369699001312256	169.92628479003906	11.916563034057617
Pacific/Majuro	Pacific/Majuro	167.8818359375	5.387632846832275	168.33753967285156	5.846977233886719
Pacific/Majuro	Pacific/Majuro	168.6782684326172	14.351814270019531	169.2257080078125	14.924073219299316
Pacific/Majuro	Pacific/Majuro	169.86795043945312	11.979994773864746	170.35214233398438	12.496665954589844
Pacific/Majuro	Pacific/Majuro	160.5911407470703	9.564464569091797	161.19528198242188	10.07777214050293
Pacific/Majuro	Pacific/Majuro	161.8351593017578	11.133600234985352	162.60145568847656	11.889848709106445
Pacific/Marquesas	Pacific/Marquesas	-138.89556884765625	-10.754409790039062	-138.21067810058594	-10.157511711120605
Pacific/Marquesas	Pacific/Marquesas	-139.36614990234375	-10.227686882019043	-138.5946502685547	-9.232150077819824
Pacific/Marquesas	Pacific/Marquesas	-140.92526245117188	-8.250537872314453	-140.17494201660156	-7.65921688079834
Pacific/Marquesas	Pacific/Marquesas	-140.82257080078125	-9.668218612670898	-139.2821502685547	-8.473052978515625
Pacific/Midway	Pacific/Midway	-178.60154724121094	28.183778762817383	-178.05609130859375	28.657081604003906
Pacific/Midway	Pacific/Midway	-177.6505584716797	27.991140365600586	-177.08750915527344	28.480133056640625
Pacific/Nauru	Pacific/Nauru	166.71067810058594	-0.7526649832725525	167.1600341796875	-0.3033260107040405
Pacific/Niue	Pacific/Niue	-170.1595001220703	-19.35486602783203	-169.56472778320312	-18.753456115722656
Pacific/Norfolk	Pacific/Norfolk	167.6856689453125	-29.337068557739258	168.2261199951172	-28.793663024902344
Pacific/Noumea	Pacific/Noumea	171.1348419189453	-22.547653198242188	171.5784912109375	-22.139087677001953
Pacific/Noumea	Pacific/Noumea	171.86871337890625	-22.598573684692383	172.3057098388672	-22.18999481201172
Pacific/Noumea	Pacific/Noumea	168.72581481933594	-22.812236785888672	169.1754150390625	-22.380390167236328
Pacific/Noumea	Pacific/Noumea	157.98475646972656	-20.179397583007812	159.25267028808594	-18.743003845214844
Pacific/Noumea	Pacific/Noumea	164.1392059326172	-18.804729461669922	164.6442108154297	-18.300039291381836
Pacific/Noumea	Pacific/Noumea	165.3042755126953	-20.08792495727539	166.05845642089844	-19.501556396484375
Pacific/Noumea	Pacific/Noumea	165.89666748046875	-21.861019134521484	168.35061645507812	-20.08658790588379
Pacific/Noumea	Pacific/Noumea	162.6034393310547	-23.221750259399414	167.8109893798828	-17.68686294555664
Pacific/Noumea	Pacific/Noumea	158.63116455078125	-22.10646629333496	159.77978515625	-21.145015716552734
Pacific/Noumea	Pacific/Noumea	158.24195861816406	-21.223251342773438	158.81214904785156	-20.608539581298828
Pacific/Pago_Pago	Pacific/Pago_Pago	-171.29513549804688	-11.268965721130371	-170.8607940673828	-10.844975471496582
Pacific/Pago_Pago	Pacific/Pago_Pago	-168.37847900390625	-14.760835647583008	-167.9322967529297	-14.329206466674805
Pacific/Pago_Pago	Pacific/Pago_Pago	-169.89356994628906	-14.474349975585938	-169.2124786376953	-13.95443058013916
Pacific/Pago_Pago	Pacific/Pago_Pago	-171.05291748046875	-14.575340270996094	-170.33938598632812	-14.028229713439941
Pacific/Palau	Pacific/Palau	130.9193878173828	2.5958240032196045	134.92955017089844	8.405804634094238
Pacific/Pitcairn	Pacific/Pitcairn	-125.01722717285156	-24.890169143676758	-124.55182647705078	-24.471763610839844
Pacific/Pitcairn	Pacific/Pitcairn	-128.57675170898438	-24.62394142150879	-128.0723114013672	-24.12989616394043
Pacific/Pitcairn	Pacific/Pitcairn	-130.97467041015625	-24.145536422729492	-130.49996948242188	-23.706981658935547
Pacific/Pitcairn	Pacific/Pitcairn	-130.34295654296875	-25.28020477294922	-129.8673553466797	-24.858749389648438
Pacific/Pohnpei	Pacific/Pohnpei	154.70860290527344	3.6195828914642334	155.17726135253906	4.076416969299316
Pacific/Pohnpei	Pacific/Pohnpei	154.5078125	0.8232830166816711	155.01206970214844	1.308081030845642
Pacific/Pohnpei	Pacific/Pohnpei	154.0394287109375	7.8592000007629395	154.51513671875	8.348655700683594
Pacific/Pohnpei	Pacific/Pohnpei	154.94436645507812	7.205485820770264	155.614501953125	7.828369140625
Pacific/Pohnpei	Pacific/Pohnpei	156.9464569091797	5.571788787841797	157.5494384765625	6.059000015258789
Pacific/Pohnpei	Pacific/Pohnpei	159.54385375976562	6.460369110107422	159.9730224609375	6.902238845825195
Pacific/Pohnpei	Pacific/Pohnpei	160.48622131347656	5.995060920715332	160.9193572998047	6.434260845184326
Pacific/Pohnpei	Pacific/Pohnpei	157.56300354003906	6.521207809448242	158.56927490234375	7.28904390335083
Pacific/Port_Moresby	Pacific/Port_Moresby	140.84165954589844	-11.855573654174805	154.6034393310547	-0.5573580265045166
Pacific/Port_Moresby	Pacific/Port_Moresby	155.40185546875	-11.073858261108398	156.07398986816406	-10.519112586975098
Pacific/Rarotonga	Pacific/Rarotonga	-160.0474853515625	-21.47922134399414	-159.50775146484375	-20.9949893951416
Pacific/Rarotonga	Pacific/Rarotonga	-158.17665100097656	-22.159963607788086	-157.65924072265625	-21.69008445739746
Pacific/Rarotonga	Pacific/Rarotonga	-158.51333618164062	-20.389684677124023	-157.1089324951172	-19.60521125793457
Pacific/Rarotonga	Pacific/Rarotonga	-160.05465698242188	-19.15574836730957	-159.51473999023438	-18.620328903198242
Pacific/Rarotonga	Pacific/Rarotonga	-159.1840362548828	-19.491817474365234	-158.69981384277344	-19.047344207763672
Pacific/Rarotonga	Pacific/Rarotonga	-163.40847778320312	-18.296110153198242	-162.90281677246094	-17.787012100219727
Pacific/Rarotonga	Pacific/Rarotonga	-163.40753173828125	-13.540413856506348	-162.83494567871094	-13.002718925476074
Pacific/Rarotonga	Pacific/Rarotonga	-165.62757873535156	-11.769256591796875	-165.2039337158203	-11.352938652038574
Pacific/Rarotonga	Pacific/Rarotonga	-166.1318817138672	-11.119933128356934	-165.62257385253906	-10.643472671508789
Pacific/Rarotonga	Pacific/Rarotonga	-161.30824279785156	-10.66543960571289	-160.75009155273438	-9.794222831726074
Pacific/Rarotonga	Pacific/Rarotonga	-158.25967407226562	-9.287970542907715	-157.6768341064453	-8.715015411376953
Pacific/Saipan	Pacific/Saipan	145.32606506347656	14.632868766784668	146.0384521484375	15.491647720336914
Pacific/Saipan	Pacific/Saipan	144.91529846191406	13.909539222717285	145.4976348876953	14.402341842651367
Pacific/Saipan	Pacific/Saipan	145.425048828125	18.52399253845215	145.9111328125	19.01466178894043
Pacific/Saipan	Pacific/Saipan	144.6732177734375	20.33539581298828	145.11602783203125	20.75454330444336
Pacific/Saipan	Pacific/Saipan	145.84376525878906	15.804254531860352	146.27342224121094	16.229116439819336
Pacific/Saipan	Pacific/Saipan	145.6042938232422	17.0950984954834	146.0623016357422	17.822864532470703
Pacific/Saipan	Pacific/Saipan	144.9954071044922	19.474576950073242	145.63037109375	20.23660659790039
Pacific/Saipan	Pacific/Saipan	145.42405700683594	16.129901885986328	145.99913024902344	16.91885757446289
Pacific/Saipan	Pacific/Saipan	145.49783325195312	17.84346580505371	146.02078247070312	18.371337890625
Pacific/Tahiti	Pacific/Tahiti	-143.7366180419922	-28.099023818969727	-143.25833129882812	-27.674327850341797
Pacific/Tahiti	Pacific/Tahiti	-148.28500366210938	-18.08442497253418	-147.84986877441406	-17.666276931762695
Pacific/Tahiti	Pacific/Tahiti	-154.7516326904297	-16.033178329467773	-154.29869079589844	-15.596942901611328
Pacific/Tahiti	Pacific/Tahiti	-139.35955810546875	-20.99688720703125	-138.9210205078125	-20.56783676147461
Pacific/Tahiti	Pacific/Tahiti	-154.93606567382812	-22.02326202392578	-154.4774169921875	-21.595903396606445
Pacific/Tahiti	Pacific/Tahiti	-141.46934509277344	-19.423738479614258	-141.01766967773438	-18.978853225708008
Pacific/Tahiti	Pacific/Tahiti	-150.86105346679688	-17.881202697753906	-150.40003967285156	-17.432363510131836
Pacific/Tahiti	Pacific/Tahiti	-142.14129638671875	-17.047101974487305	-141.7003936767578	-16.623504638671875
Pacific/Tahiti	Pacific/Tahiti	-143.29872131347656	-18.080720901489258	-142.85203552246094	-17.633363723754883
Pacific/Tahiti	Pacific/Tahiti	-141.73756408691406	-17.600908279418945	-141.27549743652344	-17.15985679626465
Pacific/Tahiti	Pacific/Tahiti	-148.4910888671875	-16.073562622070312	-148.01211547851562	-15.605305671691895
Pacific/Tahiti	Pacific/Tahiti	-140.64500427246094	-19.862754821777344	-140.17173767089844	-19.40829086303711
Pacific/Tahiti	Pacific/Tahiti	-143.68936157226562	-17.690444946289062	-143.20774841308594	-17.245616912841797
Pacific/Tahiti	Pacific/Tahiti	-140.92855834960938	-19.357913970947266	-140.4509735107422	-18.91522789001465
Pacific/Tahiti	Pacific/Tahiti	-152.50465393066406	-16.686872482299805	-152.02206420898438	-16.214250564575195
Pacific/Tahiti	Pacific/Tahiti	-140.376953125	-16.20973014831543	-139.88442993164062	-15.763876914978027
Pacific/Tahiti	Pacific/Tahiti	-139.05494689941406	-15.042238235473633	-138.58204650878906	-14.59606647491455
Pacific/Tahiti	Pacific/Tahiti	-149.8050079345703	-17.250465393066406	-149.32601928710938	-16.783231735229492
Pacific/Tahiti	Pacific/Tahiti	-141.10943603515625	-16.04210090637207	-140.62315368652344	-15.601391792297363
Pacific/Tahiti	Pacific/Tahiti	-144.77073669433594	-15.159992218017578	-144.32391357421875	-14.742390632629395
Pacific/Tahiti	Pacific/Tahiti	-154.20115661621094	-17.05156707763672	-153.70970153808594	-16.570037841796875
Pacific/Tahiti	Pacific/Tahiti	-138.6637420654297	-17.560014724731445	-138.12037658691406	-17.12584114074707
Pacific/Tahiti	Pacific/Tahiti	-144.6063232421875	-27.852577209472656	-144.07627868652344	-27.366291046142578
Pacific/Tahiti	Pacific/Tahiti	-145.2132568359375	-20.11524772644043	-144.72235107421875	-19.633995056152344
Pacific/Tahiti	Pacific/Tahiti	-137.2799835205078	-18.564672470092773	-136.75404357910156	-18.06111717224121
Pacific/Tahiti	Pacific/Tahiti	-154.9349822998047	-16.789825439453125	-154.40977478027344	-16.28054428100586
Pacific/Tahiti	Pacific/Tahiti	-142.07704162597656	-19.008975982666016	-141.5447540283203	-18.505157470703125
Pacific/Tahiti	Pacific/Tahiti	-138.785400390625	-21.088083267211914	-138.29388427734375	-20.56887435913086
Pacific/Tahiti	Pacific/Tahiti	-140.8932342529297	-21.92811393737793	-140.3621368408203	-21.424047470092773
Pacific/Tahiti	Pacific/Tahiti	-136.67446899414062	-18.780345916748047	-136.08302307128906	-18.26173973083496
Pacific/Tahiti	Pacific/Tahiti	-145.81614685058594	-17.700130462646484	-145.18028259277344	-17.122970581054688
Pacific/Tahiti	Pacific/Tahiti	-150.12939453125	-18.081056594848633	-148.91505432128906	-17.272714614868164
Pacific/Tahiti	Pacific/Tahiti	-152.04727172851562	-17.133350372314453	-150.73753356933594	-16.029233932495117
Pacific/Tahiti	Pacific/Tahiti	-141.64279174804688	-14.399818420410156	-140.96739196777344	-13.890677452087402
Pacific/Tahiti	Pacific/Tahiti	-145.4694366455078	-14.913790702819824	-144.64830017089844	-14.187212944030762
Pacific/Tahiti	Pacific/Tahiti	-142.8803253173828	-17.836837768554688	-142.33668518066406	-17.100542068481445
Pacific/Tahiti	Pacific/Tahiti	-146.6099090576172	-14.768265724182129	-145.62869262695312	-14.127878189086914
Pacific/Tahiti	Pacific/Tahiti	-142.60488891601562	-18.52199935913086	-141.90072631835938	-17.754365921020508
Pacific/Tahiti	Pacific/Tahiti	-139.42759704589844	-18.98850440979004	-138.57716369628906	-18.353681564331055
Pacific/Tahiti	Pacific/Tahiti	-142.7394256591797	-16.4478816986084	-141.915771484375	-15.529976844787598
Pacific/Tahiti	Pacific/Tahiti	-139.2490692138672	-22.4833927154541	-138.49481201171875	-21.5778751373291
Pacific/Tahiti	Pacific/Tahiti	-141.279296875	-18.631206512451172	-140.43832397460938	-17.50581932067871
Pacific/Tahiti	Pacific/Tahiti	-153.03842163085938	-22.865371704101562	-152.57391357421875	-22.43524169921875
Pacific/Tahiti	Pacific/Tahiti	-151.59274291992188	-22.72543716430664	-151.10568237304688	-22.23048210144043
Pacific/Tahiti	Pacific/Tahiti	-149.7479705810547	-23.603654861450195	-149.17626953125	-23.126466751098633
Pacific/Tahiti	Pacific/Tahiti	-147.91920471191406	-24.10683822631836	-147.36744689941406	-23.632312774658203
Pacific/Tahiti	Pacific/Tahiti	-143.77012634277344	-20.9147891998291	-142.83294677734375	-20.210500717163086
Pacific/Tahiti	Pacific/Tahiti	-139.4674530029297	-19.605165481567383	-138.45913696289062	-19.072608947753906
Pacific/Tahiti	Pacific/Tahiti	-148.92379760742188	-17.412906646728516	-142.56805419921875	-14.65571117401123
Pacific/Tarawa	Pacific/Tarawa	173.9745330810547	-2.1567749977111816	176.6954803466797	-0.32257500290870667
Pacific/Tarawa	Pacific/Tarawa	176.58865356445312	-2.8763580322265625	177.0491180419922	-2.410675048828125
Pacific/Tarawa	Pacific/Tarawa	169.32073974609375	-1.0752639770507812	169.7493896484375	-0.6429749727249146
Pacific/Tarawa	Pacific/Tarawa	175.76483154296875	-2.7149999141693115	176.20010375976562	-2.2839999198913574
Pacific/Tarawa	Pacific/Tarawa	172.48013305664062	-0.08576899766921997	174.146728515625	3.5994999408721924
Pacific/Tongatapu	Pacific/Tongatapu	-176.4337615966797	-22.54907989501953	-175.9821319580078	-22.132469177246094
Pacific/Tongatapu	Pacific/Tongatapu	-175.5703125	-21.674240112304688	-174.68539428710938	-20.813106536865234
Pacific/Tongatapu	Pacific/Tongatapu	-175.6210174560547	-20.770191192626953	-175.1618194580078	-20.332841873168945
Pacific/Tongatapu	Pacific/Tongatapu	-175.3184814453125	-20.70614242553711	-174.05320739746094	-19.391685485839844
Pacific/Tongatapu	Pacific/Tongatapu	-175.0911407470703	-19.409215927124023	-174.40911865234375	-18.581655502319336
Pacific/Tongatapu	Pacific/Tongatapu	-174.3817596435547	-19.059484481811523	-173.70947265625	-18.370290756225586
Pacific/Tongatapu	Pacific/Tongatapu	-174.53773498535156	-18.365524291992188	-173.96533203125	-17.811294555664062
Pacific/Tongatapu	Pacific/Tongatapu	-175.8854217529297	-15.840662956237793	-175.3936767578125	-15.365571975708008
Pacific/Tongatapu	Pacific/Tongatapu	-174.01576232910156	-16.182939529418945	-173.529541015625	-15.637772560119629
Pacific/Tongatapu	Pacific/Tongatapu	-179.39501953125	-24.163543701171875	-178.66514587402344	-23.408584594726562
Pacific/Wake	Pacific/Wake	166.38294982910156	19.06849479675293	166.86959838867188	19.525232315063477
Pacific/Wallis	Pacific/Wallis	-178.3873748779297	-14.563075065612793	-177.79530334472656	-14.039819717407227
Pacific/Wallis	Pacific/Wallis	-176.4554901123047	-13.591326713562012	-175.91903686523438	-12.982795715332031
Etc/GMT-12	Etc/GMT-12	172.5	-70.0	180.0	62.55455780029297
Etc/GMT-12	Etc/GMT-12	172.5	-40.8958625793457	174.96630859375	-34.6401481628418
Etc/GMT-12	Etc/GMT-12	172.5	69.28951263427734	180.0	90.0
Etc/GMT-12	Etc/GMT-12	178.90225219726562	62.87590408325195	180.0	64.74632263183594
Etc/GMT-11	Etc/GMT-11	157.5	-68.125	172.5	60.7608528137207
Etc/GMT-11	Etc/GMT-11	157.5	58.184505462646484	161.41183471679688	61.61806869506836
Etc/GMT-11	Etc/GMT-11	157.5	69.69720458984375	172.5	90.0
Etc/GMT-10	Etc/GMT-10	142.5	71.0152816772461	157.5	90.0
Etc/GMT-10	Etc/GMT-10	142.5	-6.812151908874512	157.5	61.491519927978516
Etc/GMT-10	Etc/GMT-10	142.5	-65.0	157.5	-5.06582498550415
Etc/GMT-10	Etc/GMT-10	142.74685668945312	-9.378369331359863	142.8518829345703	-9.272810935974121
Etc/GMT-10	Etc/GMT-10	142.5	-9.374335289001465	142.56240844726562	-9.33503532409668
Etc/GMT-9	Etc/GMT-9	127.5	71.19210052490234	142.5	90.0
Etc/GMT-9	Etc/GMT-9	141.80210876464844	74.0679931640625	142.5	74.47974395751953
Etc/GMT-9	Etc/GMT-9	137.83753967285156	53.556522369384766	142.5	58.965694427490234
Etc/GMT-9	Etc/GMT-9	127.5	-2.55610990524292	142.5	51.620121002197266
Etc/GMT-9	Etc/GMT-9	127.5	-17.4788818359375	142.5	-4.873256206512451
Etc/GMT-9	Etc/GMT-9	142.05943298339844	-9.26046085357666	142.0938262939453	-9.223751068115234
Etc/GMT-9	Etc/GMT-9	127.5	-65.0	142.5	-31.690645217895508
Etc/GMT-9	Etc/GMT-9	142.43101501464844	45.84615707397461	142.5	46.075931549072266
Etc/GMT-8	Etc/GMT-8	112.5	73.13802337646484	127.5	90.0
Etc/GMT-8	Etc/GMT-8	112.5	1.2341350317001343	127.5	39.62291717529297
Etc/GMT-8	Etc/GMT-8	118.65213775634766	5.1403398513793945	119.58333587646484	6.0
Etc/GMT-8	Etc/GMT-8	117.9139633178711	6.599574089050293	118.10826110839844	6.919802188873291
Etc/GMT-8	Etc/GMT-8	112.5	-65.0	127.5	-8.563358306884766
Etc/GMT-8	Etc/GMT-8	125.81663513183594	-8.308313369750977	126.65821075439453	-8.178585052490234
Etc/GMT-7	Etc/GMT-7	97.5	76.8359375	112.5	90.0
Etc/GMT-7	Etc/GMT-7	97.5	77.72168731689453	98.39402770996094	78.12630462646484
Etc/GMT-7	Etc/GMT-7	99.62936401367188	1.34122896194458	112.5	21.288747787475586
Etc/GMT-7	Etc/GMT-7	97.5	3.0156729221343994	100.82312774658203	9.027681350708008
Etc/GMT-7	Etc/GMT-7	97.5	-64.67391204833984	112.5	0.10821299999952316
Etc/GMT-7	Etc/GMT-7	97.5	8.806623458862305	97.71715545654297	10.363263130187988
Etc/GMT-7	Etc/GMT-7	97.5	12.285895347595215	97.5779800415039	14.286966323852539
Etc/GMT-6	Etc/GMT-6	82.5	74.36489868164062	97.5	90.0
Etc/GMT-6	Etc/GMT-6	82.5	-66.23529052734375	97.5	21.43654441833496
Etc/GMT-5	Etc/GMT-5	67.5	71.66006469726562	82.5	90.0
Etc/GMT-5	Etc/GMT-5	67.5	-68.0	82.5	23.6091365814209
Etc/GMT-4	Etc/GMT-4	52.5	73.19441986083984	67.5	90.0
Etc/GMT-4	Etc/GMT-4	56.10747146606445	69.56391906738281	67.5	75.90338134765625
Etc/GMT-4	Etc/GMT-4	52.5	68.89903259277344	60.31114959716797	70.81937408447266
Etc/GMT-4	Etc/GMT-4	52.5	45.65297317504883	52.798492431640625	46.70668411254883
Etc/GMT-4	Etc/GMT-4	52.5	-66.22222137451172	67.5	26.908811569213867
Etc/GMT-4	Etc/GMT-4	52.5	24.523618698120117	56.29814529418945	26.97755241394043
Etc/GMT-4	Etc/GMT-4	52.5	36.897457122802734	53.729530334472656	39.993465423583984
Etc/GMT-4	Etc/GMT-4	52.5	40.58721923828125	52.65506362915039	41.30799865722656
Etc/GMT-3	Etc/GMT-3	37.5	13.668498992919922	42.8302116394043	24.02420425415039
Etc/GMT-3	Etc/GMT-3	48.6141471862793	24.61041831970215	52.5	29.805925369262695
Etc/GMT-3	Etc/GMT-3	37.5	41.12799835205078	41.50768280029297	44.49258041381836
Etc/GMT-3	Etc/GMT-3	37.5	45.83570861816406	37.88326644897461	46.57558822631836
Etc/GMT-3	Etc/GMT-3	37.5	68.03298950195312	52.5	90.0
Etc/GMT-3	Etc/GMT-3	47.15325927734375	36.77246856689453	52.5	46.850013732910156
Etc/GMT-3	Etc/GMT-3	37.5	-66.33333587646484	52.5	16.197011947631836
Etc/GMT-3	Etc/GMT-3	42.8242073059082	13.133692741394043	43.07876968383789	13.750785827636719
Etc/GMT-3	Etc/GMT-3	43.139774322509766	12.711809158325195	43.15250778198242	12.721356391906738
Etc/GMT-3	Etc/GMT-3	43.15358352661133	12.716384887695312	43.158592224121094	12.720094680786133
Etc/GMT-2	Etc/GMT-2	22.5	-68.0	37.5	-17.818254470825195
Etc/GMT-2	Etc/GMT-2	22.5	31.08163833618164	35.692222595214844	40.89283752441406
Etc/GMT-2	Etc/GMT-2	28.07315444946289	41.27299880981445	37.5	46.40968322753906
Etc/GMT-2	Etc/GMT-2	35.150970458984375	45.489532470703125	37.5	46.7158317565918
Etc/GMT-2	Etc/GMT-2	22.5	59.28889465332031	27.29304313659668	60.200340270996094
Etc/GMT-2	Etc/GMT-2	23.213258743286133	57.25348663330078	24.030542373657227	57.899166107177734
Etc/GMT-2	Etc/GMT-2	22.5	69.02348327636719	37.5	90.0
Etc/GMT-2	Etc/GMT-2	26.610530853271484	37.14155197143555	27.28408432006836	37.61574172973633
Etc/GMT-2	Etc/GMT-2	27.069355010986328	37.38470458984375	27.112295150756836	37.42866134643555
Etc/GMT-2	Etc/GMT-2	27.303247451782227	36.32390594482422	28.154550552368164	36.62071990966797
Etc/GMT-2	Etc/GMT-2	27.24481964111328	36.72536087036133	27.278959274291992	36.75143051147461
Etc/GMT-2	Etc/GMT-2	27.452035903930664	36.83740234375	27.611133575439453	36.896453857421875
Etc/GMT-2	Etc/GMT-2	26.4431209564209	39.40234375	26.509841918945312	39.449462890625
Etc/GMT-2	Etc/GMT-2	26.63627052307129	39.0649528503418	26.73434829711914	39.188720703125
Etc/GMT-2	Etc/GMT-2	22.5	64.10884094238281	24.15450668334961	65.51537322998047
Etc/GMT-2	Etc/GMT-2	34.216705322265625	21.17293357849121	37.5	27.713529586791992
Etc/GMT-2	Etc/GMT-2	37.489776611328125	20.920984268188477	37.5	20.952484130859375
Etc/GMT-2	Etc/GMT-2	37.4100341796875	19.528345108032227	37.5	20.653207778930664
Etc/GMT-1	Etc/GMT-1	7.5	32.700443267822266	22.5	45.45305633544922
Etc/GMT-1	Etc/GMT-1	18.846572875976562	45.815147399902344	18.853361129760742	45.8260498046875
Etc/GMT-1	Etc/GMT-1	18.85175323486328	45.751556396484375	18.893922805786133	45.78438186645508
Etc/GMT-1	Etc/GMT-1	18.927753448486328	45.68623733520508	18.932933807373047	45.689300537109375
Etc/GMT-1	Etc/GMT-1	18.95793342590332	45.66599655151367	18.967105865478516	45.67549133300781
Etc/GMT-1	Etc/GMT-1	18.932756423950195	45.63451385498047	18.94168472290039	45.644752502441406
Etc/GMT-1	Etc/GMT-1	18.899019241333008	45.58372116088867	18.914697647094727	45.60091018676758
Etc/GMT-1	Etc/GMT-1	10.169379234313965	54.125362396240234	22.5	59.595062255859375
Etc/GMT-1	Etc/GMT-1	7.5	53.959781646728516	12.38839340209961	58.7750244140625
Etc/GMT-1	Etc/GMT-1	21.367382049560547	63.63357925415039	22.5	65.08643341064453
Etc/GMT-1	Etc/GMT-1	17.7664794921875	60.58906936645508	20.903202056884766	63.16804504394531
Etc/GMT-1	Etc/GMT-1	7.5	63.67869567871094	22.5	90.0
Etc/GMT-1	Etc/GMT-1	7.5	-68.0	22.5	4.367259979248047
Etc/GMT	Etc/GMT	-7.5	-69.34782409667969	7.5	6.239555835723877
Etc/GMT	Etc/GMT	-7.5	33.89767837524414	-6.056687831878662	36.97472381591797
Etc/GMT	Etc/GMT	-7.5	43.52406311035156	1.2687939405441284	54.479000091552734
Etc/GMT	Etc/GMT	-7.5	51.19935989379883	7.5	90.0
Etc/GMT	Etc/GMT	-5.365260124206543	35.320884704589844	7.5	43.51640319824219
Etc/GMT	Etc/GMT	-7.5	55.414974212646484	-6.578735828399658	56.20691680908203
Etc/GMT+1	Etc/GMT+1	-22.5	-72.22222137451172	-7.5	90.0
Etc/GMT+2	Etc/GMT+2	-37.5	83.27845001220703	-22.5	90.0
Etc/GMT+2	Etc/GMT+2	-37.5	-75.0	-22.5	69.6434555053711
Etc/GMT+3	Etc/GMT+3	-52.5	82.8436508178711	-37.5	90.0
Etc/GMT+3	Etc/GMT+3	-52.5	-4.423257827758789	-37.5	65.19259643554688
Etc/GMT+3	Etc/GMT+3	-52.5	-74.89130401611328	-37.5	-12.19258975982666
Etc/GMT+4	Etc/GMT+4	-67.5	82.29962921142578	-52.5	90.0
Etc/GMT+4	Etc/GMT+4	-67.5	48.19268035888672	-52.5	75.7744369506836
Etc/GMT+4	Etc/GMT+4	-67.5	5.481460094451904	-52.5	47.43798828125
Etc/GMT+4	Etc/GMT+4	-63.04948043823242	17.725194931030273	-62.9892578125	17.764530181884766
Etc/GMT+4	Etc/GMT+4	-63.099220275878906	17.782760620117188	-63.054443359375	17.811250686645508
Etc/GMT+4	Etc/GMT+4	-62.371612548828125	10.180106163024902	-61.921871185302734	10.445269584655762
Etc/GMT+4	Etc/GMT+4	-67.5	-74.23912811279297	-52.5	-33.31255340576172
Etc/GMT+5	Etc/GMT+5	-82.5	82.97488403320312	-67.5	90.0
Etc/GMT+5	Etc/GMT+5	-79.45219421386719	70.49818420410156	-67.5	78.38374328613281
Etc/GMT+5	Etc/GMT+5	-73.5014877319336	78.55531311035156	-68.25804138183594	80.2244873046875
Etc/GMT+5	Etc/GMT+5	-82.5	8.8878755569458	-67.5	44.25468444824219
Etc/GMT+5	Etc/GMT+5	-82.5	-3.392124891281128	-77.69668579101562	7.42280387878418
Etc/GMT+5	Etc/GMT+5	-82.5	-86.0	-67.5	-9.77313232421875
Etc/GMT+5	Etc/GMT+5	-68.82318115234375	-53.58403015136719	-67.5	-49.954132080078125
Etc/GMT+6	Etc/GMT+6	-97.5	80.5430679321289	-82.5	90.0
Etc/GMT+6	Etc/GMT+6	-97.5	15.321410179138184	-82.5	30.196043014526367
Etc/GMT+6	Etc/GMT+6	-97.5	-86.0	-82.5	16.01482582092285
Etc/GMT+6	Etc/GMT+6	-83.60821533203125	9.797088623046875	-82.5	14.610673904418945
Etc/GMT+7	Etc/GMT+7	-112.5	78.82282257080078	-97.5	90.0
Etc/GMT+7	Etc/GMT+7	-97.63616180419922	22.049867630004883	-97.5	24.176755905151367
Etc/GMT+7	Etc/GMT+7	-112.5	-86.0	-97.5	28.5959415435791
Etc/GMT+7	Etc/GMT+7	-112.5	24.90033531188965	-112.32097625732422	25.96712875366211
Etc/GMT+8	Etc/GMT+8	-127.5	71.53551483154297	-112.5	90.0
Etc/GMT+8	Etc/GMT+8	-127.5	-86.0	-112.5	49.7828254699707
Etc/GMT+8	Etc/GMT+8	-112.6263198852539	27.866626739501953	-112.5	28.467195510864258
Etc/GMT+8	Etc/GMT+8	-120.25401306152344	34.222354888916016	-120.04607391357422	34.26932907104492
Etc/GMT+9	Etc/GMT+9	-142.5	69.40310668945312	-127.5	90.0
Etc/GMT+9	Etc/GMT+9	-142.5	-86.0	-127.5	59.855804443359375
Etc/GMT+9	Etc/GMT+9	-131.2240753173828	54.69432830810547	-130.92367553710938	54.77077865600586
Etc/GMT+9	Etc/GMT+9	-130.64114379882812	54.707115173339844	-130.6156768798828	54.725093841552734
Etc/GMT+10	Etc/GMT+10	-157.5	70.20223236083984	-142.5	90.0
Etc/GMT+10	Etc/GMT+10	-157.5	-86.0	-142.5	60.17610549926758
Etc/GMT+10	Etc/GMT+10	-143.1798553466797	-16.745588302612305	-143.08177185058594	-16.607337951660156
Etc/GMT+10	Etc/GMT+10	-145.41334533691406	-16.711618423461914	-144.4525604248047	-16.01311683654785
Etc/GMT+11	Etc/GMT+11	-172.5	-75.0	-157.5	65.78700256347656
Etc/GMT+11	Etc/GMT+11	-157.50082397460938	-19.987245559692383	-157.5	-19.98590087890625
Etc/GMT+11	Etc/GMT+11	-172.5	65.8289566040039	-157.5	90.0
Etc/GMT+12	Etc/GMT+12	-180.0	-75.0	-172.5	65.36465454101562
Etc/GMT+12	Etc/GMT+12	-180.0	67.21820831298828	-172.5	90.0
